pmeId,Time,pmeProtocol1,pmeProtocol2,pmeTarget,pmeMessage,pmePrio,pmePrioLevel,pmeDienst,Message,pmeStraat,pmeHouseNumber,pmeHouseNumberAdd,pmeANRoad,pmeHectometerpaal,pmeZip,pmeRegionName,Latitude,Longitude,pmeHash,pmeGeoAccuracy,pme_strId,pme_wplId,pme_gemId,pme_proId,pme_vrgId,pmeCapCodes,pmeLifeLiner,pme_catId,wplNam,gemName,geometry
14842251,2018-12-31 00:26:53,FLEX-A,1600,AORG,P 1 Gebouwbrand woning (VK: 1) Ammunitiehaven SGRAVH 159591 157230 157830 157850,P 1,1,B,Gebouwbrand woning (VK: 1) 159591 157230 157830 157850,Ammunitiehaven,\N,\N,\N,\N,2511XH,Den Haag,52.0765779,4.3196884,a+8/Vl3sMte6X0A1nXvFZci+yjo=,S,199182,4896,391,12,5170,"1500050,1500140,1500142,1503902,2029568",\N,\N,Den Haag,Den Haag,POINT (4.3196884 52.0765779)
14842270,2018-12-31 00:35:44,FLEX-A,1600,AORG,P 1 Gebouwbrand woning (middelbrand) (VK: 1) Ammunitiehaven SGRAVH 159599 155481,P 1,1,B,Gebouwbrand woning (Gewenst: Versterking van één bluseenheid.) (VK: 1) 159599 155481,Ammunitiehaven,\N,\N,\N,\N,2511XH,Den Haag,52.0765779,4.3196884,H7iEIIVsF++HZeuYWSz/wZkPRcI=,S,199182,4896,391,12,5170,"1500021,1500046,1500052,1500071,1500075,1500156,1503902,2029568",\N,\N,Den Haag,Den Haag,POINT (4.3196884 52.0765779)
14842303,2018-12-31 00:56:22,FLEX-A,1600,AORG,P 1 OMS Geverifieerd (VK: 3) (brandmelding OMS) Grand Hotel Amrath Kurhaus Gevers Deynootplein SGRAVH 157130,P 1,1,B,Melding Via Openbaar Meldsysteem Geverifieerd (VK: 3) (brandmelding Melding Via Openbaar Meldsysteem) Grand Hotel Amrath Kurhaus 157130,Gevers Deynootplein,\N,\N,\N,\N,2586CK,Den Haag,52.1129785,4.2821095,URd//S9vE1GONkVkO+BhHpomaww=,S,199899,4896,391,12,5170,"1500158,1503902,2029568",\N,\N,Den Haag,Den Haag,POINT (4.2821095 52.1129785)
14842348,2018-12-31 01:31:31,FLEX-A,1600,AORG,P 1 Stank/Hinder. lucht (VK: 3) (gaslucht) Nieboerweg SGRAVH 157130,P 1,1,B,Stank/Hinder. lucht (VK: 3) (gaslucht) 157130,Nieboerweg,\N,\N,\N,\N,2566GA,Den Haag,52.083397399999996,4.2588615999999995,xYn+dvztccWXXEPRUuzlwpwYos4=,S,200812,4896,391,12,5170,"1500158,1503902,2029568",\N,\N,Den Haag,Den Haag,POINT (4.258861599999999 52.0833974)
14842393,2018-12-31 02:09:02,FLEX-A,1600,AORG,P 1 Voertuigbrand (VK: 1) Televisiestraat SGRAVH 157630,P 1,1,B,Voertuigbrand (VK: 1) 157630,Televisiestraat,\N,\N,\N,\N,2525KD,Den Haag,52.0575359,4.302881299999999,J06fvOw0zE7LirW4VBKf83R0XcQ=,S,201462,4896,391,12,5170,"1500148,1503902,2029568",\N,\N,Den Haag,Den Haag,POINT (4.302881299999999 52.0575359)
14842406,2018-12-31 02:17:21,FLEX-A,1600,AORG,P 2 Buitenbrand (VK: 2) Schimmelweg SGRAVH 155630,P 2,2,B,Buitenbrand (VK: 2) 155630,Schimmelweg,\N,\N,\N,\N,2524VT,Den Haag,52.0524161,4.316756900000001,/j0yTJkiYQPcCO0gnj7mevaNzYo=,S,201256,4896,391,12,5170,"1500161,1503902,2029568",\N,\N,Den Haag,Den Haag,POINT (4.316756900000001 52.0524161)
14842450,2018-12-31 02:43:01,FLEX-A,1600,AORG,"Prio 2 Toerit A13 Re - Rijswijk 7 6,0 SGRAVH Bijzondere verkeerszaken",PRIO 2,2,B,Toerit - 7 SGRAVH Bijzondere verkeerszaken,Rotterdamseweg,\N,\N,A13,6,\N,Den Haag,52.036258700000005,4.352475,3wFUG3cnMjSGyViG8ktdLORTX1E=,H,\N,4897,391,12,5170,1505791,\N,\N,Ypenburg,Den Haag,POINT (4.352475 52.0362587)
14842467,2018-12-31 02:54:49,FLEX-A,1600,AORG,P 1 Voertuigbrand (VK: 1) Nieboerweg SGRAVH 157130,P 1,1,B,Voertuigbrand (VK: 1) 157130,Nieboerweg,\N,\N,\N,\N,2566GA,Den Haag,52.083397399999996,4.2588615999999995,9vee1gShdURbTpEb5OQIKp1TElI=,S,200812,4896,391,12,5170,"1500158,1503902,2029568",\N,\N,Den Haag,Den Haag,POINT (4.258861599999999 52.0833974)
14842667,2018-12-31 06:41:12,FLEX-A,1600,AORG,P 1 Ass. ambu (VK: 2) (afhijsen patient) Franklinstraat SGRAVH 157830 157850,P 1,1,B,Assistentie ambu (VK: 2) (afhijsen patient) 157830 157850,Franklinstraat,\N,\N,\N,\N,2562CA,Den Haag,52.077034999999995,4.2860276,kifTuElX0A6aF8F1VO1CnQ/goes=,S,199849,4896,391,12,5170,"1500142,1503902,2029568",\N,\N,Den Haag,Den Haag,POINT (4.2860276 52.077035)
14842955,2018-12-31 08:45:42,FLEX-A,1600,AORG,P 1 Alarm rookmelder (VK: 1) Dienst Stadsbeheer Paviljoensgracht SGRAVH 157830,P 1,1,B,Alarm rookmelder (VK: 1) Dienst Stadsbeheer 157830,Paviljoensgracht,\N,\N,\N,\N,2512BL,Den Haag,52.074155299999994,4.3117582,LGsJtZOIeCx33q/Xwf16eV1xZAY=,S,200975,4896,391,12,5170,"1500142,1503902,2029568",\N,\N,Den Haag,Den Haag,POINT (4.3117582 52.07415529999999)
14843253,2018-12-31 09:57:29,FLEX-A,1600,AORG,P 2 Dienstverlening (VK: 15) Ernest Staasstraat SGRAVH 159661,P 2,2,B,Dienstverlening (VK: 15) 159661,Ernest Staasstraat,\N,\N,\N,\N,2523KJ,Den Haag,52.0530236,4.3197804,FjAOnGEsvMpoELSRs/ZLR/SqtPg=,S,199801,4896,391,12,5170,"1500198,1503902,2029568",\N,\N,Den Haag,Den Haag,POINT (4.3197804 52.0530236)
14843412,2018-12-31 10:43:07,FLEX-A,1600,AORG,P 1 OMS Geverifieerd (VK: 2) (brandmelding OMS) Nationaal Toneel Schouwburgstraat SGRAVH 157230,P 1,1,B,Melding Via Openbaar Meldsysteem Geverifieerd (VK: 2) (brandmelding Melding Via Openbaar Meldsysteem) Nationaal Toneel 157230,Schouwburgstraat,\N,\N,\N,\N,2511VA,Den Haag,52.0815078,4.3163876,UaoBJH9+BfdfYYRM/f2KHPw3SOY=,S,201274,4896,391,12,5170,"1500140,1503902,2029569",\N,\N,Den Haag,Den Haag,POINT (4.3163876 52.0815078)
14843435,2018-12-31 10:49:15,FLEX-A,1600,AORG,P 1 Gebouwbrand bijeenkomst (VK: 2) (brandmelding OMS) Nationaal Toneel Schouwburgstraat SGRAVH 159591 157830 157850 159661,P 1,1,B,Gebouwbrand bijeenkomst (VK: 2) (brandmelding Melding Via Openbaar Meldsysteem) Nationaal Toneel 159591 157830 157850 159661,Schouwburgstraat,\N,\N,\N,\N,2511VA,Den Haag,52.0815078,4.3163876,ClKdi7qDjW326WqfXkt22oTw2+c=,S,201274,4896,391,12,5170,"1500050,1500142,1500198,1503902,2029568",\N,\N,Den Haag,Den Haag,POINT (4.3163876 52.0815078)
14843476,2018-12-31 10:59:16,FLEX-A,1600,AORG,P 2 Buitenbrand (VK: 4) Toon Dupuisstraat SGRAVH 157730,P 2,2,B,Buitenbrand (VK: 4) 157730,Toon Dupuisstraat,\N,\N,\N,\N,2552SB,Den Haag,52.0554225,4.251312599999999,taN5JgGEHV0zsTGQKJvvy02HD8c=,S,201514,4896,391,12,5170,"1500150,1503902,2029568",\N,\N,Den Haag,Den Haag,POINT (4.251312599999999 52.0554225)
14843514,2018-12-31 11:08:33,FLEX-A,1600,AORG,P 1 Brandgerucht (VK: 11) Springfonteinstraat SGRAVH 159661,P 1,1,B,Brandgerucht (VK: 11) 159661,Springfonteinstraat,\N,\N,\N,\N,2572PK,Den Haag,52.0631799,4.2942521,ej4D8Vc4MzmbPpJNSOaTLSJec74=,S,201375,4896,391,12,5170,"1500198,1503902,2029568",\N,\N,Den Haag,Den Haag,POINT (4.2942521 52.0631799)
14843531,2018-12-31 11:10:18,FLEX-A,1600,AORG,P 1 Brandgerucht (VK: 11) Springfonteinstraat SGRAVH 157830,P 1,1,B,Brandgerucht (VK: 11) 157830,Springfonteinstraat,\N,\N,\N,\N,2572PK,Den Haag,52.0631799,4.2942521,vCmMTL/HYk92k98fzmFqpLsbOrM=,S,201375,4896,391,12,5170,"1500142,1503902,2029568",\N,\N,Den Haag,Den Haag,POINT (4.2942521 52.0631799)
14843730,2018-12-31 12:03:12,FLEX-A,1600,AORG,"Prio 2 A4 Li 48,1 SGRAVH Ongeval wegvervoer materieel",PRIO 2,2,B,SGRAVH Ongeval wegvervoer materieel,Rijksweg A4,\N,\N,A4,48.1,\N,Den Haag,52.04766420000001,4.3574353,yIbFTGcmtASIzDiWFPqI7+JZ0r4=,H,\N,4897,391,12,5170,1505791,\N,\N,Ypenburg,Den Haag,POINT (4.3574353 52.04766420000001)
14843780,2018-12-31 12:16:03,FLEX-A,1600,AORG,P 2 Brandgerucht (VK: 11) (keuken) Springfonteinstraat SGRAVH 159661,P 2,2,B,Brandgerucht (VK: 11) (keuken) 159661,Springfonteinstraat,\N,\N,\N,\N,2572PK,Den Haag,52.0631799,4.2942521,idhjr8VuWVhSLmI37WllQgMT/mg=,S,201375,4896,391,12,5170,"1500198,1503902,2029568",\N,\N,Den Haag,Den Haag,POINT (4.2942521 52.0631799)
14843786,2018-12-31 12:16:27,FLEX-A,1600,AORG,P 2 Brandgerucht (VK: 11) (keuken) Springfonteinstraat SGRAVH 157830,P 2,2,B,Brandgerucht (VK: 11) (keuken) 157830,Springfonteinstraat,\N,\N,\N,\N,2572PK,Den Haag,52.0631799,4.2942521,v90IKGxwrDml7pbnQBF2XF8naRQ=,S,201375,4896,391,12,5170,"1500142,1503902,2029568",\N,\N,Den Haag,Den Haag,POINT (4.2942521 52.0631799)
14843805,2018-12-31 12:20:07,FLEX-A,1600,AORG,P 2 Liftopsluiting (VK: 12) Verpleegtehuis Mariahoeve Hofzichtlaan SGRAVH 155130,P 2,2,B,Liftopsluiting (VK: 12) Verpleegtehuis Mariahoeve 155130,Hofzichtlaan,\N,\N,\N,\N,2594CB,Den Haag,52.101109,4.3567172,L6lvZ3ak7PRaXWfdAzA09+jHA5c=,S,200111,4896,391,12,5170,"1500141,1503902,2029568",\N,\N,Den Haag,Den Haag,POINT (4.3567172 52.101109)
14843814,2018-12-31 12:22:22,FLEX-A,1600,AORG,"P 1 Ass. ambu (afhijsen patient, first responder) (VK: 1) Leersumstraat SGRAVH 157730 157750",P 1,1,B,"Assistentie ambu (afhijsen patient, first responder) (VK: 1) 157730 157750",Leersumstraat,\N,\N,\N,\N,2546TE,Den Haag,52.0606317,4.2745095,oVcNy35ab0wLatCHwzeAPFoz+7s=,S,200535,4896,391,12,5170,"1500150,1503902,2029568",\N,\N,Den Haag,Den Haag,POINT (4.2745095 52.0606317)
14843832,2018-12-31 12:28:03,FLEX-A,1600,AORG,P 2 Buitenbrand afval/rommel Havenkade SGRAVH 159661,P 2,2,B,Buitenbrand afval/rommel 159661,Havenkade,\N,\N,\N,\N,2586TS,Den Haag,52.1081385,4.2777416,/BljD3+eqtZiBhIFxHVTEMm3e7c=,S,200027,4896,391,12,5170,"1500198,1503902,2029569",\N,\N,Den Haag,Den Haag,POINT (4.2777416 52.1081385)
14843907,2018-12-31 12:42:28,FLEX-A,1600,AORG,P 2 Gaarne contact MKB Groen van Prinstererlaan Mgr. Nolenslaan SGRAVH 159583,P 2,2,B,Gaarne contact Meldkamer Brandweer 159583,Groen van Prinstererlaan,\N,\N,\N,\N,2555HJ,Den Haag,52.0660751,4.2439468,PLDQHuX6rCCIsY4oX06yrQRWW/Q=,S,199957,4896,391,12,5170,"1500040,1503902,2029569",\N,\N,Den Haag,Den Haag,POINT (4.2439468 52.0660751)
14843988,2018-12-31 13:01:54,FLEX-A,1600,AORG,P 2 Buitenbrand container (VK: 2) (afvalcontainer) Kootwijkstraat SGRAVH 157830,P 2,2,B,Buitenbrand container (VK: 2) (afvalcontainer) 157830,Kootwijkstraat,\N,\N,\N,\N,2573XH,Den Haag,52.0672391,4.2829225,EF1RCL63KPvOY6+/RJs7Lkb2duU=,S,200425,4896,391,12,5170,"1500142,1503902,2029568",\N,\N,Den Haag,Den Haag,POINT (4.2829225 52.0672391)
14843995,2018-12-31 13:03:10,FLEX-A,1600,AORG,P 2 Buitenbrand afval/rommel (VK: 3) Maarsbergenstraat SGRAVH 157730,P 2,2,B,Buitenbrand afval/rommel (VK: 3) 157730,Maarsbergenstraat,\N,\N,\N,\N,2546SL,Den Haag,52.0605386,4.2729735,9d2dRZ98cLjgdORnAE2SCFhwNUk=,S,200619,4896,391,12,5170,"1500150,1503902,2029568",\N,\N,Den Haag,Den Haag,POINT (4.2729735 52.0605386)
14844056,2018-12-31 13:20:03,FLEX-A,1600,AORG,P 1 Stank/Hinder. lucht (gaslucht) (VK: 3) (aardgas) Helmersstraat SGRAVH 157230,P 1,1,B,Stank/Hinder. lucht (gaslucht) (VK: 3) (aardgas) 157230,Helmersstraat,\N,\N,\N,\N,2513RV,Den Haag,52.0777034,4.2957212,KDEcGduQloFZp9fwFq9FspfUaOQ=,S,200050,4896,391,12,5170,"1500140,1503902,2029568",\N,\N,Den Haag,Den Haag,POINT (4.2957212 52.0777034)
14844089,2018-12-31 13:26:18,FLEX-A,1600,AORG,P 1 Autom. brand OMS Flokids Hendrik van Deventerstraat SGRAVH 157130,P 1,1,B,Automatisch. brand Melding Via Openbaar Meldsysteem Flokids 157130,Hendrik van Deventerstraat,\N,\N,\N,\N,2563XP,Den Haag,52.0722784,4.2732088,MG2hmV2yuQfwogvijEDVLQsSBYI=,S,200058,4896,391,12,5170,"1500158,1503902,2029568",\N,\N,Den Haag,Den Haag,POINT (4.2732088 52.0722784)
14844093,2018-12-31 13:27:31,FLEX-A,1600,AORG,P 1 Stank/Hinder. lucht (gaslucht) Beeklaan SGRAVH 157630,P 1,1,B,Stank/Hinder. lucht (gaslucht) 157630,Beeklaan,\N,\N,\N,\N,2562AA,Den Haag,52.0711846,4.2839874,b9h3k4miAI9ep02G21zaoO2EFnI=,S,199307,4896,391,12,5170,"1500148,1503902,2029568",\N,\N,Den Haag,Den Haag,POINT (4.2839874 52.0711846)
14844265,2018-12-31 14:10:24,FLEX-A,1600,AORG,P 2 Buitenbrand container (afvalcontainer) J.D. de Koklaan SGRAVH 157730,P 2,2,B,Buitenbrand container (afvalcontainer) 157730,J.D. de Koklaan,\N,\N,\N,\N,2552DG,Den Haag,52.0509356,4.2417812999999995,0SaR7YiHJKC+XGgpx/yxcAbr3sA=,S,200194,4896,391,12,5170,"1500150,1503902,2029568",\N,\N,Den Haag,Den Haag,POINT (4.2417813 52.0509356)
14844331,2018-12-31 14:21:28,FLEX-A,1600,AORG,P 1 Gebouwbrand bijeenkomst (VK: 2) Hofzichtlaan SGRAVH 159591 155130 155150 157230,P 1,1,B,Gebouwbrand bijeenkomst (VK: 2) 159591 155130 155150 157230,Hofzichtlaan,\N,\N,\N,\N,2594CB,Den Haag,52.101109,4.3567172,PanaLrIEr+Lqe9s+rODh0nJ2PCU=,S,200111,4896,391,12,5170,"1500050,1500140,1500141,1503902,2029568",\N,\N,Den Haag,Den Haag,POINT (4.3567172 52.101109)
14844464,2018-12-31 14:51:08,FLEX-A,1600,AORG,P 2 Buitenbrand afval/rommel Stastokstraat SGRAVH 157630,P 2,2,B,Buitenbrand afval/rommel 157630,Stastokstraat,\N,\N,\N,\N,2524EM,Den Haag,52.05556,4.312593,NcqtALVtG1gFfDXTcqITEurBlrQ=,S,201393,4896,391,12,5170,"1500148,1503902,2029568",\N,\N,Den Haag,Den Haag,POINT (4.312593 52.05556)
14844492,2018-12-31 14:56:59,FLEX-A,1600,AORG,P 2 Buitenbrand afval/rommel Alberdingk Thijmstraat SGRAVH 155630,P 2,2,B,Buitenbrand afval/rommel 155630,Alberdingk Thijmstraat,\N,\N,\N,\N,2524HA,Den Haag,52.05526629999999,4.3120384000000005,LahoIRXA2uw1F1wLLwJ6lfgcVDA=,S,199150,4896,391,12,5170,"1500161,1503902,2029568",\N,\N,Den Haag,Den Haag,POINT (4.3120384 52.05526629999999)
14844512,2018-12-31 15:01:22,FLEX-A,1600,AORG,P 1 Voertuigbrand Mr. J. Meermanerf Mr. J. Meermanstraat SGRAVH 159591 157730 157830,P 1,1,B,Voertuigbrand 159591 157730 157830,Mr. J. Meermanstraat,\N,\N,\N,\N,2552KP,Den Haag,52.0541497,4.2529666,1PMIdA6nf93i837XN3Q4JHmb+uQ=,S,200771,4896,391,12,5170,"1500050,1500142,1500150,1503902,2029568",\N,\N,Den Haag,Den Haag,POINT (4.2529666 52.0541497)
14844552,2018-12-31 15:08:20,FLEX-A,1600,AORG,P 2 Buitenbrand container (afvalcontainer) Beatrijsstraat Vier Heemskinderenstraat SGRAVH 157630,P 2,2,B,Buitenbrand container (afvalcontainer) 157630,Vier Heemskinderenstraat,\N,\N,\N,\N,2531CA,Den Haag,52.0562714,4.298620099999999,8I58VylprrCePFQkkhu6sXTxTTg=,S,201740,4896,391,12,5170,"1500148,1503902,2029570",\N,\N,Den Haag,Den Haag,POINT (4.298620099999999 52.0562714)
14844566,2018-12-31 15:13:35,FLEX-A,1600,AORG,P 1 Autom. brand OMS Spuimarkt Gedempte Gracht SGRAVH 157830,P 1,1,B,Automatisch. brand Melding Via Openbaar Meldsysteem Spuimarkt 157830,Gedempte Gracht,\N,\N,\N,\N,2512AK,Den Haag,52.0759071,4.3133365999999995,8xxROjCygcmLKS5N1NsW0x8TYDg=,S,199877,4896,391,12,5170,"1500142,1503902,2029568",\N,\N,Den Haag,Den Haag,POINT (4.3133366 52.0759071)
14844600,2018-12-31 15:19:42,FLEX-A,1600,AORG,"Prio 3 A4 Re 47,4 SGRAVH Wegverkeer verkeersstremming (Soort stremming: pechgeval)",PRIO 3,3,B,SGRAVH Wegverkeer verkeersstremming (Soort stremming: pechgeval),Rijksweg A4,\N,\N,A4,47.4,\N,Den Haag,52.0524852,4.364082099999999,U1qR/TM49Og3skfxPrRiDBswBtA=,H,\N,4897,391,12,5170,1505791,\N,\N,Ypenburg,Den Haag,POINT (4.364082099999999 52.0524852)
14844604,2018-12-31 15:20:33,FLEX-A,1600,AORG,P 1 Buitenbrand afval/rommel Wrightlaan Wethouder Fischerplantsoen SGRAVH 157430,P 1,1,B,Buitenbrand afval/rommel 157430,Wethouder Fischerplantsoen,\N,\N,\N,\N,2497DJ,Den Haag,52.039294899999994,4.3642362,FvNZ4zM5+cXCBo6N/g9ewFzGjcM=,S,201887,4896,391,12,5170,"1500149,1503902,2029568",\N,\N,Den Haag,Den Haag,POINT (4.3642362 52.03929489999999)
14844693,2018-12-31 15:43:31,FLEX-A,1600,AORG,P 2 Buitenbrand container Vier Heemskinderenstraat SGRAVH 157630,P 2,2,B,Buitenbrand container 157630,Vier Heemskinderenstraat,\N,\N,\N,\N,2531CA,Den Haag,52.0562714,4.298620099999999,7aMNjCgawgn4dhwIN/cU5kRmKYI=,S,201740,4896,391,12,5170,"1500148,1503902,2029569",\N,\N,Den Haag,Den Haag,POINT (4.298620099999999 52.0562714)
14844736,2018-12-31 15:53:57,FLEX-A,1600,AORG,P 2 Buitenbrand container Swammerdamstraat SGRAVH 157630,P 2,2,B,Buitenbrand container 157630,Swammerdamstraat,\N,\N,\N,\N,2516GJ,Den Haag,52.0685822,4.3287055,RmXXJmNI/Kjw/0ZqwZEyZaL//90=,S,201442,4896,391,12,5170,"1500148,1503902,2029568",\N,\N,Den Haag,Den Haag,POINT (4.3287055 52.0685822)
14844872,2018-12-31 16:26:35,FLEX-A,1600,AORG,P 2 Buitenbrand container (afvalcontainer) Zonnebloemstraat SGRAVH 157130,P 2,2,B,Buitenbrand container (afvalcontainer) 157130,Zonnebloemstraat,\N,\N,\N,\N,2565RN,Den Haag,52.0719495,4.2558093,60I2a9P+FetStConnPBfEZ2c9l8=,S,202006,4896,391,12,5170,"1500158,1503902,2029568",\N,\N,Den Haag,Den Haag,POINT (4.2558093 52.0719495)
14844899,2018-12-31 16:31:26,FLEX-A,1600,AORG,P 1 Autom. brand OMS Middin Buitenklingen SGRAVH 157730,P 1,1,B,Automatisch. brand Melding Via Openbaar Meldsysteem Middin 157730,Buitenklingen,\N,\N,\N,\N,2554BT,Den Haag,52.0650229,4.223610099999999,qFIRd0xo9whCXNb3meQCySpNgA0=,S,199460,4896,391,12,5170,"1500150,1503902,2029568",\N,\N,Den Haag,Den Haag,POINT (4.223610099999999 52.0650229)
14844972,2018-12-31 16:49:38,FLEX-A,1600,AORG,P 2 Buitenbrand afval/rommel Van Ostadestraat De Bockstraat SGRAVH 157830,P 2,2,B,Buitenbrand afval/rommel 157830,Van Ostadestraat,\N,\N,\N,\N,2526EN,Den Haag,52.068693100000004,4.311245099999999,x+tdLott8RRdNizWuWdZ1lJx94U=,S,201677,4896,391,12,5170,"1500142,1503902,2029568",\N,\N,Den Haag,Den Haag,POINT (4.311245099999999 52.0686931)
14845020,2018-12-31 16:58:35,FLEX-A,1600,AORG,P 2 Buitenbrand container (afvalcontainer) BSO Paddington Norgstraat SGRAVH 157730,P 2,2,B,Buitenbrand container (afvalcontainer) BSO Paddington 157730,Norgstraat,\N,\N,\N,\N,2545TT,Den Haag,52.04689129999999,4.2700489,QApRDBp0WbNVpB5fHlV+/fn9UM0=,S,200859,4896,391,12,5170,"1500150,1503902,2029569",\N,\N,Den Haag,Den Haag,POINT (4.2700489 52.04689129999999)
14845097,2018-12-31 17:18:55,FLEX-A,1600,AORG,P 2 Buitenbrand Werkhovenstraat Leersumstraat SGRAVH 157730,P 2,2,B,Buitenbrand 157730,Werkhovenstraat,\N,\N,\N,\N,2546VA,Den Haag,52.059634499999994,4.2752266,cKnO8gmIpNMp4W2ui4uJxybQSlg=,S,201868,4896,391,12,5170,"1500150,1503902,2029568",\N,\N,Den Haag,Den Haag,POINT (4.2752266 52.05963449999999)
14845126,2018-12-31 17:23:26,FLEX-A,1600,AORG,P 2 Buitenbrand container Ernest Staasstraat SGRAVH 157630,P 2,2,B,Buitenbrand container 157630,Ernest Staasstraat,\N,\N,\N,\N,2523KJ,Den Haag,52.0530236,4.3197804,QwAjqcMYTDPTjYUllL3wvDIVte4=,S,199801,4896,391,12,5170,"1500148,1503902,2029569",\N,\N,Den Haag,Den Haag,POINT (4.3197804 52.0530236)
14845153,2018-12-31 17:32:18,FLEX-A,1600,AORG,P 1 Buitenbrand container Architect Brandeserf SGRAVH 157730,P 1,1,B,Buitenbrand container 157730,Architect Brandeserf,\N,\N,\N,\N,2552ZP,Den Haag,52.055735,4.2538806,gDheo2WaI9brCiD9urnSYN5gx6M=,S,199224,4896,391,12,5170,"1500150,1503902,2029568",\N,\N,Den Haag,Den Haag,POINT (4.2538806 52.055735)
14845157,2018-12-31 17:33:07,FLEX-A,1600,AORG,P 2 Buitenbrand afval/rommel Wrightlaan Wethouder Fischerplantsoen SGRAVH 155630,P 2,2,B,Buitenbrand afval/rommel 155630,Wethouder Fischerplantsoen,\N,\N,\N,\N,2497DJ,Den Haag,52.039294899999994,4.3642362,7FTrELFlQdsv5ZOlHr71FBjvBOM=,S,201887,4896,391,12,5170,"1500161,1503902,2029568",\N,\N,Den Haag,Den Haag,POINT (4.3642362 52.03929489999999)
14845200,2018-12-31 17:42:12,FLEX-A,1600,AORG,P 1 Autom. brand OMS Winkelcentrum Hoge Veld Limastraat SGRAVH 157730,P 1,1,B,Automatisch. brand Melding Via Openbaar Meldsysteem Winkelcentrum Hoge Veld 157730,Limastraat,\N,\N,\N,\N,2548HC,Den Haag,52.0320301,4.2887486,oQJt44GOBnBcISjnAOrl/L4PR+w=,S,200561,4896,391,12,5170,"1500150,1503902,2029568",\N,\N,Den Haag,Den Haag,POINT (4.2887486 52.0320301)
14845272,2018-12-31 17:58:35,FLEX-A,1600,AORG,P 2 Buitenbrand container (afvalcontainer) Sara Burgerhartweg SGRAVH 157630,P 2,2,B,Buitenbrand container (afvalcontainer) 157630,Sara Burgerhartweg,\N,\N,\N,\N,2533JA,Den Haag,52.050526700000006,4.2901739999999995,Kjrrt/Qy7xN/G9YpjiguP9arXBQ=,S,201219,4896,391,12,5170,"1500148,1503902,2029568",\N,\N,Den Haag,Den Haag,POINT (4.290173999999999 52.05052670000001)
14845317,2018-12-31 18:06:10,FLEX-A,1600,AORG,P 2 Buitenbrand container (afvalcontainer) Dophei Wollegras SGRAVH 157430,P 2,2,B,Buitenbrand container (afvalcontainer) 157430,Wollegras,\N,\N,\N,\N,2498AT,Den Haag,52.0322798,4.3806457000000005,9arCs3pd1YF1GcHu8xTfnpStGMk=,S,201950,4896,391,12,5170,"1500149,1503902,2029570",\N,\N,Den Haag,Den Haag,POINT (4.380645700000001 52.0322798)
14845357,2018-12-31 18:16:25,FLEX-A,1600,AORG,P 2 Buitenbrand afval/rommel Frans Halsstraat Gabriel Metsustraat SGRAVH 157630,P 2,2,B,Buitenbrand afval/rommel 157630,Gabriël Metsustraat,\N,\N,\N,\N,2525XN,Den Haag,52.0641294,4.3078959,xZiIopq4H2vK6dehEgKdXqsczsY=,S,199867,4896,391,12,5170,"1500148,1503902,2029568",\N,\N,Den Haag,Den Haag,POINT (4.3078959 52.0641294)
14845392,2018-12-31 18:25:20,FLEX-A,1600,AORG,P 2 Buitenbrand afval/rommel De Bockstraat Terwestenstraat SGRAVH 157830,P 2,2,B,Buitenbrand afval/rommel 157830,Terwestenstraat,\N,\N,\N,\N,2525GD,Den Haag,52.0659759,4.3022453,UfnW+4uro/KmTeWiglodqgpFsLQ=,S,201476,4896,391,12,5170,"1500142,1503902,2029568",\N,\N,Den Haag,Den Haag,POINT (4.3022453 52.0659759)
14845413,2018-12-31 18:29:29,FLEX-A,1600,AORG,P 2 Buitenbrand afval/rommel 1e Laakdwarsweg Molenslootstraat SGRAVH 157630,P 2,2,B,Buitenbrand afval/rommel 157630,Molenslootstraat,\N,\N,\N,\N,2521SJ,Den Haag,52.0656331,4.3257731,vFj4rEcjAVtzI+tgUkAMusgmRpY=,S,200753,4896,391,12,5170,"1500148,1503902,2029569",\N,\N,Den Haag,Den Haag,POINT (4.3257731 52.0656331)
14845418,2018-12-31 18:30:53,FLEX-A,1600,AORG,P 2 Buitenbrand afval/rommel Oude Middenweg SGRAVH 155130,P 2,2,B,Buitenbrand afval/rommel 155130,Oude Middenweg,\N,\N,\N,\N,2491AA,Den Haag,52.0716946,4.4004273000000005,9ke7LQQBzCiIecRHpg4MaQGBwkQ=,S,200917,4896,391,12,5170,"1500141,1503902,2029569",\N,\N,Den Haag,Den Haag,POINT (4.4004273 52.0716946)
14845437,2018-12-31 18:34:53,FLEX-A,1600,AORG,P 1 Buitenbrand Charlotte de Bourbonstraat SGRAVH 157430,P 1,1,B,Buitenbrand 157430,Charlotte de Bourbonstraat,\N,\N,\N,\N,2595VH,Den Haag,52.0783345,4.332081400000001,BSNzk894DNABHSsrlO3cc4V3tfM=,S,199518,4896,391,12,5170,"1500149,1503902,2029569",\N,\N,Den Haag,Den Haag,POINT (4.332081400000001 52.0783345)
14845439,2018-12-31 18:35:24,FLEX-A,1600,AORG,P 2 Buitenbrand container (afvalcontainer) Valkenboskade SGRAVH 157830,P 2,2,B,Buitenbrand container (afvalcontainer) 157830,Valkenboskade,\N,\N,\N,\N,2563GM,Den Haag,52.0697963,4.2748125,bdQEkUzkR71XpwweSut5jRUZfWk=,S,201564,4896,391,12,5170,"1500142,1503902,2029568",\N,\N,Den Haag,Den Haag,POINT (4.2748125 52.0697963)
14845462,2018-12-31 18:39:14,FLEX-A,1600,AORG,P 1 Gebouwbrand woning Volkerakstraat SGRAVH 159591 157230 157650,P 1,1,B,Gebouwbrand woning 159591 157230 157650,Volkerakstraat,\N,\N,\N,\N,2595VD,Den Haag,52.0774625,4.3329605,XE3XyrnLg6HrAodQ1cWtSgRLVdw=,S,201784,4896,391,12,5170,"1500050,1500140,1500148,1503902,2029569",\N,\N,Den Haag,Den Haag,POINT (4.3329605 52.0774625)
14845466,2018-12-31 18:40:34,FLEX-A,1600,AORG,P 2 Buitenbrand container (afvalcontainer) Liemerssingel SGRAVH 157630,P 2,2,B,Buitenbrand container (afvalcontainer) 157630,Liemerssingel,\N,\N,\N,\N,2548NL,Den Haag,52.031392100000005,4.2946705000000005,L/d9YrdgY3+uDub5SIdJiRGSg6g=,S,200554,4896,391,12,5170,"1500148,1503902,2029569",\N,\N,Den Haag,Den Haag,POINT (4.294670500000001 52.03139210000001)
14845485,2018-12-31 18:45:55,FLEX-A,1600,AORG,P 2 Buitenbrand container Mari Andriessenstraat SGRAVH 157730,P 2,2,B,Buitenbrand container 157730,Mari Andriessenstraat,\N,\N,\N,\N,2552KN,Den Haag,52.054709700000004,4.249345,GyGDOxI7LPpc/sCCKRaBv8j3vpI=,S,200656,4896,391,12,5170,"1500150,1503902,2029568",\N,\N,Den Haag,Den Haag,POINT (4.249345 52.0547097)
14845512,2018-12-31 18:51:39,FLEX-A,1600,AORG,P 2 Buitenbrand afval/rommel Orlandostraat SGRAVH 156830,P 2,2,B,Buitenbrand afval/rommel 156830,Orlandostraat,\N,\N,\N,\N,2548HZ,Den Haag,52.029303799999994,4.2853430999999995,WZuNfTU60Tn7OdK3t37FIHoLdW0=,S,200905,4896,391,12,5170,"1500163,1500352,1503902,2029569",\N,\N,Den Haag,Den Haag,POINT (4.2853431 52.02930379999999)
14845520,2018-12-31 18:52:56,FLEX-A,1600,AORG,P 2 Buitenbrand container (afvalcontainer) Bussumsestraat SGRAVH 157730,P 2,2,B,Buitenbrand container (afvalcontainer) 157730,Bussumsestraat,\N,\N,\N,\N,2574JA,Den Haag,52.0679288,4.275979,21lb5gMKWRBy8PAol/N6qXaqSQI=,S,199482,4896,391,12,5170,"1500150,1503902,2029568",\N,\N,Den Haag,Den Haag,POINT (4.275979 52.0679288)
14845550,2018-12-31 18:59:22,FLEX-A,1600,AORG,P 2 Buitenbrand container (afvalcontainer) Prinses Marijkestraat Louise Henriettestraat SGRAVH 157230,P 2,2,B,Buitenbrand container (afvalcontainer) 157230,Louise Henriëttestraat,\N,\N,\N,\N,2595TH,Den Haag,52.081916799999995,4.3358041,lJizlPQNRY555QYIYhwNhOOXze4=,S,200602,4896,391,12,5170,"1500140,1503902,2029568",\N,\N,Den Haag,Den Haag,POINT (4.3358041 52.08191679999999)
14845562,2018-12-31 19:01:18,FLEX-A,1600,AORG,P 2 Buitenbrand afval/rommel Mari Andriessenerf SGRAVH 157730,P 2,2,B,Buitenbrand afval/rommel 157730,Mari Andriessenerf,\N,\N,\N,\N,2552KL,Den Haag,52.0540771,4.2498518,MBxhcNuoxBORK1aKqeIMAn2lSjI=,S,200655,4896,391,12,5170,"1500150,1503902,2029568",\N,\N,Den Haag,Den Haag,POINT (4.2498518 52.0540771)
14845565,2018-12-31 19:01:52,FLEX-A,1600,AORG,P 2 Buitenbrand container (afvalcontainer) Middenstraat Noordpolderkade SGRAVH 159635,P 2,2,B,Buitenbrand container (afvalcontainer) 159635,Noordpolderkade,\N,\N,\N,\N,2516JA,Den Haag,52.0656915,4.331220200000001,aOrlRG55iE4lI5xm0reKiGeSdvw=,S,200848,4896,391,12,5170,"1500148,1503902,2029568",\N,\N,Den Haag,Den Haag,POINT (4.331220200000001 52.0656915)
14845583,2018-12-31 19:05:35,FLEX-A,1600,AORG,P 1 Natuurbrand duin (Droogtefactor: groen) Nieboerweg Houtrustweg SGRAVH 159591 157140 157468 157480 156740,P 1,1,B,Natuurbrand duin (Droogtefactor: groen) 159591 157140 157468 157480 156740,Houtrustweg,\N,\N,\N,\N,2566GJ,Den Haag,52.0862581,4.270812599999999,pxuddrUeNsjZYceC8BjFDb471TI=,S,200148,4896,391,12,5170,"1500050,1500121,1500149,1500153,1500158,1500206,1500332,1503902,2029568",\N,\N,Den Haag,Den Haag,POINT (4.270812599999999 52.0862581)
14845605,2018-12-31 19:09:00,FLEX-A,1600,AORG,P 1 Ongeval wegvervoer letsel (VK: 16) (bevrijding zwaar) Albert Heijn Lijnbaan ZOETMR 159592 162236 155370,P 1,1,B,Ongeval wegvervoer letsel (VK: 16) (bevrijding zwaar) Albert Heijn 159592 162236 155370,Lijnbaan,\N,\N,\N,\N,2512VA,Den Haag,52.0740415,4.2992254999999995,eXRvk8a8eg9OT9OxdXGW3z10Hfo=,S,200557,4896,391,12,5170,"1500052,1500155,1503541,1503900,1503902,1504397,2029568",\N,\N,Den Haag,Den Haag,POINT (4.299225499999999 52.0740415)
14845614,2018-12-31 19:09:48,FLEX-A,1600,AORG,P 1 Gebouwbrand agrarisch (VK: 3) Bloemfonteinstraat SGRAVH 159692 157830 157850 159632,P 1,1,B,Gebouwbrand agrarisch (VK: 3) 159692 157830 157850 159632,Bloemfonteinstraat,\N,\N,\N,\N,2572JA,Den Haag,52.065105700000004,4.2943052999999995,DM/7aw8VtDuwJDuAnhxOTIrU8RA=,S,199378,4896,391,12,5170,"1500056,1500142,1500148,1500209,1503902,2029570",\N,\N,Den Haag,Den Haag,POINT (4.2943053 52.0651057)
14845626,2018-12-31 19:12:23,FLEX-A,1600,AORG,P 2 Buitenbrand afval/rommel Moerbeiplein SGRAVH 159636,P 2,2,B,Buitenbrand afval/rommel 159636,Moerbeiplein,\N,\N,\N,\N,2564KA,Den Haag,52.0698287,4.263206200000001,T9LoXJ2Anu83RYq6pyN8JDXVctw=,S,200744,4896,391,12,5170,"1500150,1500213,1503902,2029569",\N,\N,Den Haag,Den Haag,POINT (4.263206200000001 52.0698287)
14845650,2018-12-31 19:16:18,FLEX-A,1600,AORG,P 1 Gebouwbrand agrarisch (middelbrand) (VK: 3) Bloemfonteinstraat SGRAVH 159599 155481,P 1,1,B,Gebouwbrand agrarisch (Gewenst: Versterking van één bluseenheid.) (VK: 3) 159599 155481,Bloemfonteinstraat,\N,\N,\N,\N,2572JA,Den Haag,52.065105700000004,4.2943052999999995,fc9xdbAm5GQdnpkoHSnkbgDcZR8=,S,199378,4896,391,12,5170,"1500021,1500046,1500052,1500071,1500075,1500156,1500932,1500938,1503902,2029570",\N,\N,Den Haag,Den Haag,POINT (4.2943053 52.0651057)
14845695,2018-12-31 19:24:43,FLEX-A,1600,AORG,P 1 Autom. brand OMS Woodstock Om-en-Bij SGRAVH 159631,P 1,1,B,Automatisch. brand Melding Via Openbaar Meldsysteem Woodstock 159631,Om-en-Bij,\N,\N,\N,\N,2512XK,Den Haag,52.071284000000006,4.3067549000000005,XI+L0GRlhSVqvecCsaB9nDCiudE=,S,200880,4896,391,12,5170,"1500142,1500208,1503902,2029568",\N,\N,Den Haag,Den Haag,POINT (4.3067549 52.07128400000001)
14845705,2018-12-31 19:26:32,FLEX-A,1600,AORG,P 2 Buitenbrand afval/rommel Bosschestraat Middelburgsestraat SGRAVH 157130,P 2,2,B,Buitenbrand afval/rommel 157130,Middelburgsestraat,\N,\N,\N,\N,2587CS,Den Haag,52.111093,4.2870045,GXBeAruX3lc3lbT5KFGHHGSepXw=,S,200724,4896,391,12,5170,"1500158,1503902,2029568",\N,\N,Den Haag,Den Haag,POINT (4.2870045 52.111093)
14845715,2018-12-31 19:28:02,FLEX-A,1600,AORG,P 1 Stank/Hinder. lucht (gaslucht) (aardgas) (VK: 4) Beeklaan SGRAVH 159634,P 1,1,B,Stank/Hinder. lucht (gaslucht) (aardgas) (VK: 4) 159634,Beeklaan,\N,\N,\N,\N,2562AA,Den Haag,52.0711846,4.2839874,JCsLaQpNe/jEPbFc5e83PLVzTzU=,S,199307,4896,391,12,5170,"1500142,1500211,1503902,2029570",\N,\N,Den Haag,Den Haag,POINT (4.2839874 52.0711846)
14845719,2018-12-31 19:28:43,FLEX-A,1600,AORG,P 2 Buitenbrand afval/rommel Bosschestraat Middelburgsestraat SGRAVH 157230,P 2,2,B,Buitenbrand afval/rommel 157230,Middelburgsestraat,\N,\N,\N,\N,2587CS,Den Haag,52.111093,4.2870045,I5CD7ufYCQ6edQKbDka1/U+IvwE=,S,200724,4896,391,12,5170,"1500140,1503902,2029568",\N,\N,Den Haag,Den Haag,POINT (4.2870045 52.111093)
14845746,2018-12-31 19:32:44,FLEX-A,1600,AORG,P 1 Stank/Hinder. lucht (gaslucht) (aardgas) (VK: 4) Beeklaan SGRAVH 157150,P 1,1,B,Stank/Hinder. lucht (gaslucht) (aardgas) (VK: 4) 157150,Beeklaan,\N,\N,\N,\N,2562AA,Den Haag,52.0711846,4.2839874,coxog5IGsG49Oy34J27T5t1gfio=,S,199307,4896,391,12,5170,"1500158,1503902,2029569",\N,\N,Den Haag,Den Haag,POINT (4.2839874 52.0711846)
14845761,2018-12-31 19:36:05,FLEX-A,1600,AORG,P 1 Voertuigbrand Hardenbroekstraat Lichtenbergweg SGRAVH 159635,P 1,1,B,Voertuigbrand 159635,Hardenbroekstraat,\N,\N,\N,\N,2532XR,Den Haag,52.04476079999999,4.291226999999999,wvMyV7Jn12x+SF8+fCLhniEaUY4=,S,200005,4896,391,12,5170,"1500148,1503902,2029568",\N,\N,Den Haag,Den Haag,POINT (4.291226999999999 52.04476079999999)
14845764,2018-12-31 19:36:31,FLEX-A,1600,AORG,P 1 Autom. brand OMS Stichting Anton Constandse Gouwestraat SGRAVH 157230,P 1,1,B,Automatisch. brand Melding Via Openbaar Meldsysteem Stichting Anton Constandse 157230,Gouwestraat,\N,\N,\N,\N,2515SM,Den Haag,52.0746701,4.3220519,9okyZqW8+9kVphZuL8gYTreujrY=,S,199933,4896,391,12,5170,"1500140,1503902,2029568",\N,\N,Den Haag,Den Haag,POINT (4.3220519 52.0746701)
14845783,2018-12-31 19:41:56,FLEX-A,1600,AORG,P 1 Gebouwbrand woning (VK: 5) Tanger Groupison Hoefkade SGRAVH 159591 157630 157650 159631,P 1,1,B,Gebouwbrand woning (VK: 5) Tanger Groupison 159591 157630 157650 159631,Hoefkade,\N,\N,\N,\N,2525HB,Den Haag,52.06223610000001,4.2994197,DVBSOhGt2/9r+tWh2tAx7xc+SLg=,S,200100,4896,391,12,5170,"1500050,1500142,1500148,1500208,1503902,2029568",\N,\N,Den Haag,Den Haag,POINT (4.2994197 52.06223610000001)
14845829,2018-12-31 19:46:52,FLEX-A,1600,AORG,P 2 Buitenbrand afval/rommel Damasstraat SGRAVH 159632,P 2,2,B,Buitenbrand afval/rommel 159632,Damasstraat,\N,\N,\N,\N,2522TJ,Den Haag,52.0577611,4.3290665,Rs6WcGdwE9r26CjoeDp3Txz6B+w=,S,199588,4896,391,12,5170,"1500148,1500209,1503902,2029568",\N,\N,Den Haag,Den Haag,POINT (4.3290665 52.0577611)
14845857,2018-12-31 19:49:50,FLEX-A,1600,AORG,P 1 Buitenbrand afval/rommel De Dreef SGRAVH 157730,P 1,1,B,Buitenbrand afval/rommel 157730,De Dreef,\N,\N,\N,\N,2542NA,Den Haag,52.0338808,4.2578682,+BYMa11EFuazWYCs2c1rUPEyl+g=,S,199604,4896,391,12,5170,"1500150,1503902,2029570",\N,\N,Den Haag,Den Haag,POINT (4.2578682 52.0338808)
14845869,2018-12-31 19:51:15,FLEX-A,1600,AORG,P 1 Alarm rookmelder Dr. Lelykade SGRAVH 157130,P 1,1,B,Alarm rookmelder 157130,Dr. Lelykade,\N,\N,\N,\N,2583CL,Den Haag,52.095596,4.2665403,g/ij1B4B7ws2q/0Zt508jR7f8Qc=,S,199703,4896,391,12,5170,"1500158,1503902,2029568",\N,\N,Den Haag,Den Haag,POINT (4.2665403 52.095596)
14845876,2018-12-31 19:51:54,FLEX-A,1600,AORG,P 2 Buitenbrand afval/rommel Jonckbloetplein SGRAVH 155630,P 2,2,B,Buitenbrand afval/rommel 155630,Jonckbloetplein,\N,\N,\N,\N,2523AP,Den Haag,52.0590463,4.322144799999999,5EmzWBM4otYCc30LwZMf4PPUObA=,S,200287,4896,391,12,5170,"1500161,1503902,2029569",\N,\N,Den Haag,Den Haag,POINT (4.322144799999999 52.0590463)
14845883,2018-12-31 19:52:47,FLEX-A,1600,AORG,P 1 Buitenbrand container (afvalcontainer) Oog in 't Zeilstraat SGRAVH 159634,P 1,1,B,Buitenbrand container (afvalcontainer) 159634,Oog in 't Zeilstraat,\N,\N,\N,\N,2512CC,Den Haag,52.0740098,4.3107087,0bCM8WZdL8YhuwOtR6qWlt1zsvQ=,S,200882,4896,391,12,5170,"1500142,1500211,1503902,2029569",\N,\N,Den Haag,Den Haag,POINT (4.3107087 52.0740098)
14845935,2018-12-31 20:02:10,FLEX-A,1600,AORG,P 2 Buitenbrand afval/rommel Ernest Staasstraat SGRAVH 159635,P 2,2,B,Buitenbrand afval/rommel 159635,Ernest Staasstraat,\N,\N,\N,\N,2523KJ,Den Haag,52.0530236,4.3197804,a/8fJB/+/4poboAUZCQAmme131Q=,S,199801,4896,391,12,5170,"1500148,1503902,2029570",\N,\N,Den Haag,Den Haag,POINT (4.3197804 52.0530236)
14845959,2018-12-31 20:07:22,FLEX-A,1600,AORG,P 1 Voertuigbrand Stortenbekerstraat De Bockstraat SGRAVH 157830,P 1,1,B,Voertuigbrand 157830,Stortenbekerstraat,\N,\N,\N,\N,2525SE,Den Haag,52.0651948,4.3047953,1U5Z7hYLaurILNylMXRwuRS3Eww=,S,201424,4896,391,12,5170,"1500142,1503902,2029568",\N,\N,Den Haag,Den Haag,POINT (4.3047953 52.0651948)
14845984,2018-12-31 20:11:15,FLEX-A,1600,AORG,P 1 Buitenbrand Pletterijstraat SGRAVH 157230,P 1,1,B,Buitenbrand 157230,Pletterijstraat,\N,\N,\N,\N,2515AV,Den Haag,52.0752208,4.3235282,9ZE07uDBfhAqrrfJTsZGMvfUTzA=,S,201024,4896,391,12,5170,"1500140,1503902,2029568",\N,\N,Den Haag,Den Haag,POINT (4.3235282 52.0752208)
14846032,2018-12-31 20:18:44,FLEX-A,1600,AORG,P 1 Voertuigbrand Anna Blamanplein SGRAVH 159635,P 1,1,B,Voertuigbrand 159635,Anna Blamanplein,\N,\N,\N,\N,2525ZV,Den Haag,52.059819,4.3006335,iCHkEJtXloHm/Nj9UOb3Um9RJcg=,S,199198,4896,391,12,5170,"1500148,1503902,2029568",\N,\N,Den Haag,Den Haag,POINT (4.3006335 52.059819)
14846099,2018-12-31 20:31:11,FLEX-A,1600,AORG,P 1 Buitenbrand afval/rommel Albert Heijn Hildo Kroplaan SGRAVH 157730,P 1,1,B,Buitenbrand afval/rommel Albert Heijn 157730,Hildo Kroplaan,\N,\N,\N,\N,2552XM,Den Haag,52.0553859,4.250345200000001,ZxFAICa+HmNddBpd9KXF2rqYKvo=,S,200090,4896,391,12,5170,"1500150,1503902,2029568",\N,\N,Den Haag,Den Haag,POINT (4.250345200000001 52.0553859)
14846123,2018-12-31 20:35:21,FLEX-A,1600,AORG,P 2 Buitenbrand afval/rommel Rossinilaan SGRAVH 159636,P 2,2,B,Buitenbrand afval/rommel 159636,Rossinilaan,\N,\N,\N,\N,2551MG,Den Haag,52.063373600000006,4.2433513,hzaWJj+n2XByyewMT6MjD5i/xv4=,S,201191,4896,391,12,5170,"1500150,1500213,1503902,2029568",\N,\N,Den Haag,Den Haag,POINT (4.2433513 52.06337360000001)
14846131,2018-12-31 20:37:37,FLEX-A,1600,AORG,P 1 Autom. brand OMS Volautomat. Autoberging Apeldoornselaan SGRAVH 157830,P 1,1,B,Automatisch. brand Melding Via Openbaar Meldsysteem Volautomat. Autoberging 157830,Apeldoornselaan,\N,\N,\N,\N,2573LA,Den Haag,52.069734499999996,4.282742,UEALYkrsdmO2h1jO/8y1RZ5LNM8=,S,199217,4896,391,12,5170,"1500142,1503902,2029568",\N,\N,Den Haag,Den Haag,POINT (4.282742 52.0697345)
14846252,2018-12-31 20:55:14,FLEX-A,1600,AORG,P 2 Buitenbrand Nicolaas Penninghof SGRAVH 157830,P 2,2,B,Buitenbrand 157830,Nicolaas Penninghof,\N,\N,\N,\N,2526KH,Den Haag,52.0703685,4.309868900000001,fvcvUoTO1msAr3tLEFRxgCP2bFU=,S,200809,4896,391,12,5170,"1500142,1503902,2029568",\N,\N,Den Haag,Den Haag,POINT (4.309868900000001 52.0703685)
14846264,2018-12-31 20:57:29,FLEX-A,1600,AORG,P 2 Buitenbrand afval/rommel De Brink SGRAVH 157730,P 2,2,B,Buitenbrand afval/rommel 157730,De Brink,\N,\N,\N,\N,2553HA,Den Haag,52.0473015,4.2345148,FiDptJv8+JX/zMqg5WyOHsNJdqI=,S,199597,4896,391,12,5170,"1500150,1503902,2029568",\N,\N,Den Haag,Den Haag,POINT (4.2345148 52.0473015)
14846268,2018-12-31 20:57:50,FLEX-A,1600,AORG,P 2 Buitenbrand afval/rommel Laagveen SGRAVH 159636,P 2,2,B,Buitenbrand afval/rommel 159636,Laagveen,\N,\N,\N,\N,2544RZ,Den Haag,52.0410675,4.2524709000000005,Ne4qjo/+5KJDZikTQZpNoL7YquU=,S,200479,4896,391,12,5170,"1500150,1500213,1503902,2029568",\N,\N,Den Haag,Den Haag,POINT (4.2524709 52.0410675)
14846273,2018-12-31 20:58:56,FLEX-A,1600,AORG,P 2 Buitenbrand afval/rommel Rijswijkseplein SGRAVH 159635,P 2,2,B,Buitenbrand afval/rommel 159635,Rijswijkseplein,\N,\N,\N,\N,2516EB,Den Haag,52.072771100000004,4.3234585999999995,Upi7m2aYKvHdK6mFviaTjXd7vr8=,S,201157,4896,391,12,5170,"1500148,1503902,2029568",\N,\N,Den Haag,Den Haag,POINT (4.323458599999999 52.0727711)
14846345,2018-12-31 21:09:06,FLEX-A,1600,AORG,P 1 Voertuigbrand Erasmusweg SGRAVH 159632,P 1,1,B,Voertuigbrand 159632,Erasmusweg,\N,\N,\N,\N,2532CD,Den Haag,52.0545776,4.3063657,9wM0iZrYQXmmY1vPaHNdw8Nzf/I=,S,199795,4896,391,12,5170,"1500148,1500209,1503902,2029570",\N,\N,Den Haag,Den Haag,POINT (4.3063657 52.0545776)
14846350,2018-12-31 21:10:51,FLEX-A,1600,AORG,P 2 Buitenbrand afval/rommel Chicagostraat SGRAVH 157730,P 2,2,B,Buitenbrand afval/rommel 157730,Chicagostraat,\N,\N,\N,\N,2548JH,Den Haag,52.0318164,4.2834959999999995,zSj3FdCJEKMf3BxDoOpFwwVpBog=,S,199520,4896,391,12,5170,"1500150,1503902,2029568",\N,\N,Den Haag,Den Haag,POINT (4.283496 52.0318164)
14846359,2018-12-31 21:12:24,FLEX-A,1600,AORG,P 2 Buitenbrand afval/rommel Joubertplantsoen SGRAVH 159631,P 2,2,B,Buitenbrand afval/rommel 159631,Joubertplantsoen,\N,\N,\N,\N,2571WD,Den Haag,52.0712139,4.2894722000000005,w+Kz2pYjO63g7eqNVoccXh52HGI=,S,200293,4896,391,12,5170,"1500142,1500208,1503902,2029568",\N,\N,Den Haag,Den Haag,POINT (4.289472200000001 52.0712139)
14846461,2018-12-31 21:31:03,FLEX-A,1600,AORG,P 2 Buitenbrand afval/rommel Anna Blamanplein SGRAVH 159635,P 2,2,B,Buitenbrand afval/rommel 159635,Anna Blamanplein,\N,\N,\N,\N,2525ZV,Den Haag,52.059819,4.3006335,2PEHR/QjwFLKOAFcaUf9hDBDbK0=,S,199198,4896,391,12,5170,"1500148,1503902,2029568",\N,\N,Den Haag,Den Haag,POINT (4.3006335 52.059819)
14846467,2018-12-31 21:31:42,FLEX-A,1600,AORG,P 2 Buitenbrand container (benzine) Jan van Riebeekplein SGRAVH 157430,P 2,2,B,Buitenbrand container (benzine) 157430,Jan van Riebeekplein,\N,\N,\N,\N,2595WR,Den Haag,52.079187299999994,4.3307535999999995,UOtcm6jq75JmuagsLHTaalOTR98=,S,200255,4896,391,12,5170,"1500149,1503902,2029568",\N,\N,Den Haag,Den Haag,POINT (4.3307536 52.07918729999999)
14846469,2018-12-31 21:31:46,FLEX-A,1600,AORG,P 2 Stank/Hinder. lucht (vreemde lucht) Van Diesenstraat SGRAVH 159632,P 2,2,B,Stank/Hinder. lucht (vreemde lucht) 159632,Van Diesenstraat,\N,\N,\N,\N,2521ED,Den Haag,52.061727399999995,4.3188462,wgv7qBgRWHrBOFOukTDdNN1dcWw=,S,201623,4896,391,12,5170,"1500148,1500209,1503902,2029569",\N,\N,Den Haag,Den Haag,POINT (4.3188462 52.0617274)
14846478,2018-12-31 21:33:12,FLEX-A,1600,AORG,P 1 Voertuigbrand Karel Roosstraat SGRAVH 157830,P 1,1,B,Voertuigbrand 157830,Karel Roosstraat,\N,\N,\N,\N,2571BG,Den Haag,52.072975799999995,4.2886904,v1AcU47jqSjvwjZiszE/kfsGKeE=,S,200331,4896,391,12,5170,"1500142,1503902,2029569",\N,\N,Den Haag,Den Haag,POINT (4.2886904 52.07297579999999)
14846570,2018-12-31 21:50:22,FLEX-A,1600,AORG,P 2 Buitenbrand afval/rommel Markensestraat SGRAVH 157130,P 2,2,B,Buitenbrand afval/rommel 157130,Markensestraat,\N,\N,\N,\N,2583PE,Den Haag,52.092894,4.259734099999999,jIX0PwEY/ff8f0zCFsfJo6egQTU=,S,200664,4896,391,12,5170,"1500158,1503902,2029568",\N,\N,Den Haag,Den Haag,POINT (4.259734099999999 52.092894)
14846622,2018-12-31 21:58:28,FLEX-A,1600,AORG,P 1 Stank/Hinder. lucht (gaslucht) Oudemansstraat SGRAVH 159635,P 1,1,B,Stank/Hinder. lucht (gaslucht) 159635,Oudemansstraat,\N,\N,\N,\N,2522SB,Den Haag,52.063099900000005,4.3248372,2wPRffrHayomupb20hwRh+V5ZUU=,S,200921,4896,391,12,5170,"1500148,1503902,2029571",\N,\N,Den Haag,Den Haag,POINT (4.3248372 52.0630999)
14846627,2018-12-31 21:58:41,FLEX-A,1600,AORG,P 1 Stank/Hinder. lucht (gaslucht) Oudemansstraat SGRAVH 157650,P 1,1,B,Stank/Hinder. lucht (gaslucht) 157650,Oudemansstraat,\N,\N,\N,\N,2522SB,Den Haag,52.063099900000005,4.3248372,6UtgTIdA19izMh96viEwQuJ1iHs=,S,200921,4896,391,12,5170,"1500148,1503902,2029569",\N,\N,Den Haag,Den Haag,POINT (4.3248372 52.0630999)
14846632,2018-12-31 21:59:59,FLEX-A,1600,AORG,P 1 Buitenbrand afval/rommel Moerbeiplein SGRAVH 157730,P 1,1,B,Buitenbrand afval/rommel 157730,Moerbeiplein,\N,\N,\N,\N,2564KA,Den Haag,52.0698287,4.263206200000001,rfq13VVYpyDxdrn2FRdRXWQLqNg=,S,200744,4896,391,12,5170,"1500150,1503902,2029568",\N,\N,Den Haag,Den Haag,POINT (4.263206200000001 52.0698287)
14846670,2018-12-31 22:07:59,FLEX-A,1600,AORG,P 1 Voertuigbrand Marktweg Kaapseplein SGRAVH 157830,P 1,1,B,Voertuigbrand 157830,Kaapseplein,\N,\N,\N,\N,2572NC,Den Haag,52.061886,4.296218799999999,Ze1yXGltJqd/SbeW78Zn5wH8OYU=,S,200309,4896,391,12,5170,"1500142,1503902,2029569",\N,\N,Den Haag,Den Haag,POINT (4.296218799999999 52.061886)
14846697,2018-12-31 22:11:40,FLEX-A,1600,AORG,P 1 Buitenbrand afval/rommel Pletterijstraat SGRAVH 157230,P 1,1,B,Buitenbrand afval/rommel 157230,Pletterijstraat,\N,\N,\N,\N,2515AV,Den Haag,52.0752208,4.3235282,CTt4h2714FrMRKjHs2ZPWWI0cKo=,S,201024,4896,391,12,5170,"1500140,1503902,2029569",\N,\N,Den Haag,Den Haag,POINT (4.3235282 52.0752208)
14846705,2018-12-31 22:13:22,FLEX-A,1600,AORG,P 1 Buitenbrand afval/rommel Viandenstraat SGRAVH 159636,P 1,1,B,Buitenbrand afval/rommel 159636,Viandenstraat,\N,\N,\N,\N,2552CA,Den Haag,52.0530968,4.2364324,7bt6H3R4OxqIdWRjz4r/Uu7//F0=,S,201739,4896,391,12,5170,"1500150,1500213,1503902,2029569",\N,\N,Den Haag,Den Haag,POINT (4.2364324 52.0530968)
14846717,2018-12-31 22:14:47,FLEX-A,1600,AORG,P 1 Buitenbrand afval/rommel Wesselsstraat SGRAVH 159631,P 1,1,B,Buitenbrand afval/rommel 159631,Wesselsstraat,\N,\N,\N,\N,2572RW,Den Haag,52.0656032,4.296509599999999,LS0UKf14mjNDYdTxtggmqGs0uEk=,S,201871,4896,391,12,5170,"1500142,1500208,1503902,2029568",\N,\N,Den Haag,Den Haag,POINT (4.296509599999999 52.0656032)
14846728,2018-12-31 22:16:23,FLEX-A,1600,AORG,P 1 Buitenbrand afval/rommel Delftselaan SGRAVH 159634,P 1,1,B,Buitenbrand afval/rommel 159634,Delftselaan,\N,\N,\N,\N,2512RA,Den Haag,52.070563,4.2993994,zBOvZGntfkGswrWvYy80rRbC7Xg=,S,199640,4896,391,12,5170,"1500142,1500211,1503902,2029568",\N,\N,Den Haag,Den Haag,POINT (4.2993994 52.070563)
14846854,2018-12-31 22:39:12,FLEX-A,1600,AORG,P 1 Voertuigbrand Kempstraat Wesselsstraat SGRAVH 157830,P 1,1,B,Voertuigbrand 157830,Wesselsstraat,\N,\N,\N,\N,2572RW,Den Haag,52.0656032,4.296509599999999,rKVyHHHOKYeh1w/7doS5X4pbIDo=,S,201871,4896,391,12,5170,"1500142,1503902,2029568",\N,\N,Den Haag,Den Haag,POINT (4.296509599999999 52.0656032)
14846885,2018-12-31 22:45:01,FLEX-A,1600,AORG,P 1 Voertuigbrand Rijswijkseweg SGRAVH 159635,P 1,1,B,Voertuigbrand 159635,Rijswijkseweg,\N,\N,\N,\N,2516EC,Den Haag,52.0705181,4.3253474999999995,JtmQ1QOlYb44N7hcuEpNOKQbDxw=,S,201159,4896,391,12,5170,"1500148,1503902,2029568",\N,\N,Den Haag,Den Haag,POINT (4.325347499999999 52.0705181)
14846896,2018-12-31 22:47:55,FLEX-A,1600,AORG,P 1 Voertuigbrand Jacob Jordaensplein SGRAVH 157830,P 1,1,B,Voertuigbrand 157830,Jacob Jordaensplein,\N,\N,\N,\N,2526KS,Den Haag,52.06948,4.3088242999999995,yvVnw3SzYuv2JXsuTaThQ/ONnWg=,S,200207,4896,391,12,5170,"1500142,1503902,2029568",\N,\N,Den Haag,Den Haag,POINT (4.308824299999999 52.06948)
14846958,2018-12-31 23:00:35,FLEX-A,1600,AORG,P 1 Voertuigbrand Kramsvogellaan SGRAVH 157730,P 1,1,B,Voertuigbrand 157730,Kramsvogellaan,\N,\N,\N,\N,2566CA,Den Haag,52.0762598,4.2398169999999995,k/Rwt7l7LedMrZWDfic3LZq7J4k=,S,200458,4896,391,12,5170,"1500150,1503902,2029568",\N,\N,Den Haag,Den Haag,POINT (4.239817 52.0762598)
14846963,2018-12-31 23:01:42,FLEX-A,1600,AORG,P 1 Voertuigbrand Kornoeljestraat Mient SGRAVH 159636,P 1,1,B,Voertuigbrand 159636,Kornoeljestraat,\N,\N,\N,\N,2564LP,Den Haag,52.0650714,4.259762599999999,7ud/pXb6CE9UuFfqpLVlvPr9nwI=,S,200435,4896,391,12,5170,"1500150,1500213,1503902,2029568",\N,\N,Den Haag,Den Haag,POINT (4.259762599999999 52.0650714)
14846982,2018-12-31 23:04:20,FLEX-A,1600,AORG,P 1 Gebouwbrand (VK: 1) Brouwersgracht SGRAVH 159591 157830 157850 157230,P 1,1,B,Gebouwbrand (VK: 1) 159591 157830 157850 157230,Brouwersgracht,\N,\N,\N,\N,2512EP,Den Haag,52.0732923,4.3053341,9lpNsoDzsJrmk+BlbzmKG1JbKcY=,S,199451,4896,391,12,5170,"1500050,1500140,1500142,1503902,2029568",\N,\N,Den Haag,Den Haag,POINT (4.3053341 52.0732923)
14846988,2018-12-31 23:05:42,FLEX-A,1600,AORG,P 1 Buitenbrand afval/rommel Hertenrade SGRAVH 159636,P 1,1,B,Buitenbrand afval/rommel 159636,Hertenrade,\N,\N,\N,\N,2544HC,Den Haag,52.047366700000005,4.2599053,YiyYdW2dTeGSfcDQ8aRwBjKt7HI=,S,200081,4896,391,12,5170,"1500150,1500213,1503902,2029568",\N,\N,Den Haag,Den Haag,POINT (4.2599053 52.0473667)
14847028,2018-12-31 23:13:43,FLEX-A,1600,AORG,P 1 Voertuigbrand Suezkade SGRAVH 159631,P 1,1,B,Voertuigbrand 159631,Suezkade,\N,\N,\N,\N,2517BT,Den Haag,52.0776594,4.287262,a3PrNIsvq08C3lLDcxdjxoCAeJI=,S,201434,4896,391,12,5170,"1500142,1500208,1503902,2029569",\N,\N,Den Haag,Den Haag,POINT (4.287262 52.0776594)
14847075,2018-12-31 23:22:46,FLEX-A,1600,AORG,P 1 Buitenbrand Maarsbergenstraat SGRAVH 157730,P 1,1,B,Buitenbrand 157730,Maarsbergenstraat,\N,\N,\N,\N,2546SL,Den Haag,52.0605386,4.2729735,tLqrVYv+UJUd2CPgNP/CdGQkceA=,S,200619,4896,391,12,5170,"1500150,1503902,2029568",\N,\N,Den Haag,Den Haag,POINT (4.2729735 52.0605386)
14847081,2018-12-31 23:23:31,FLEX-A,1600,AORG,P 1 Voertuigbrand Marktweg SGRAVH 159632,P 1,1,B,Voertuigbrand 159632,Marktweg,\N,\N,\N,\N,2525JA,Den Haag,52.062104,4.3011585,FumCd5yBGeJ1JSZa9CdXdChhyIw=,S,200665,4896,391,12,5170,"1500148,1500209,1503902,2029568",\N,\N,Den Haag,Den Haag,POINT (4.3011585 52.062104)
14847106,2018-12-31 23:28:56,FLEX-A,1600,AORG,P 2 Buitenbrand afval/rommel Wellingtonstraat Koningstraat SGRAVH 157830,P 2,2,B,Buitenbrand afval/rommel 157830,Wellingtonstraat,\N,\N,\N,\N,2515HM,Den Haag,52.069987100000006,4.3124617999999995,z+vSAPysWmVSbk/LG6H31WdmhW4=,S,201864,4896,391,12,5170,"1500142,1503902,2029568",\N,\N,Den Haag,Den Haag,POINT (4.312461799999999 52.06998710000001)
14847110,2018-12-31 23:29:27,FLEX-A,1600,AORG,P 1 Buitenbrand afval/rommel Wellingtonstraat Koningstraat SGRAVH,P 1,1,B,Buitenbrand afval/rommel,Wellingtonstraat,\N,\N,\N,\N,2515HM,Den Haag,52.069987100000006,4.3124617999999995,X5T3TY7PB8vetOUtlk8k75UCNkM=,S,201864,4896,391,12,5170,1500142,\N,\N,Den Haag,Den Haag,POINT (4.312461799999999 52.06998710000001)
14847135,2018-12-31 23:35:29,FLEX-A,1600,AORG,P 1 Voertuigbrand Morelstraat SGRAVH 157730,P 1,1,B,Voertuigbrand 157730,Morelstraat,\N,\N,\N,\N,2564XA,Den Haag,52.070308600000004,4.2580217000000005,ivw0+8FfKBQpC4aqQmQTiPXseZw=,S,200761,4896,391,12,5170,"1500150,1503902,2029568",\N,\N,Den Haag,Den Haag,POINT (4.2580217 52.0703086)
14847161,2018-12-31 23:40:30,FLEX-A,1600,AORG,P 1 Voertuigbrand Kockstraat SGRAVH 157830,P 1,1,B,Voertuigbrand 157830,Kockstraat,\N,\N,\N,\N,2571TA,Den Haag,52.0701574,4.2904413,jUIwPLinbKDCWs4a71mPYoPsl2Q=,S,200397,4896,391,12,5170,"1500142,1503902,2029570",\N,\N,Den Haag,Den Haag,POINT (4.2904413 52.0701574)
14847186,2018-12-31 23:47:25,FLEX-A,1600,AORG,P 1 Voertuigbrand Majubastraat Tafelbergstraat SGRAVH 159631,P 1,1,B,Voertuigbrand 159631,Tafelbergstraat,\N,\N,\N,\N,2572NX,Den Haag,52.062158399999994,4.2946257,hTa8U8iDd3djxL4UIIt7S1tL9yA=,S,201450,4896,391,12,5170,"1500142,1500208,1503902,2029568",\N,\N,Den Haag,Den Haag,POINT (4.2946257 52.06215839999999)
14847213,2018-12-31 23:51:42,FLEX-A,1600,AORG,P 1 Buitenbrand afval/rommel Tafelbergstraat SGRAVH 159631,P 1,1,B,Buitenbrand afval/rommel 159631,Tafelbergstraat,\N,\N,\N,\N,2572NX,Den Haag,52.062158399999994,4.2946257,uthnwZDjHAAuBEseh2shYDrKnnk=,S,201450,4896,391,12,5170,"1500142,1500208,1503902,2029568",\N,\N,Den Haag,Den Haag,POINT (4.2946257 52.06215839999999)
14847241,2018-12-31 23:57:27,FLEX-A,1600,AORG,P 1 Buitenbrand afval/rommel Miamihof SGRAVH 157730,P 1,1,B,Buitenbrand afval/rommel 157730,Miamihof,\N,\N,\N,\N,2548JB,Den Haag,52.030055600000004,4.284805,cYs6AG3xbDZL6r6KfNYgYo7A8wI=,S,200722,4896,391,12,5170,"1500150,1503902,2029568",\N,\N,Den Haag,Den Haag,POINT (4.284805 52.0300556)
14847254,2018-12-31 23:58:54,FLEX-A,1600,AORG,P 1 Gebouwbrand woning (VK: 1) Architect Brandeserf SGRAVH 159591 157730 157750 157830,P 1,1,B,Gebouwbrand woning (VK: 1) 159591 157730 157750 157830,Architect Brandeserf,\N,\N,\N,\N,2552ZP,Den Haag,52.055735,4.2538806,s6JtPrPDFr3Yhq8EsRerflVKnho=,S,199224,4896,391,12,5170,"1500050,1500142,1500150,1503902,2029568",\N,\N,Den Haag,Den Haag,POINT (4.2538806 52.055735)
14847262,2018-12-31 23:59:31,FLEX-A,1600,AORG,P 1 Voertuigbrand Erasmusweg SGRAVH 157630,P 1,1,B,Voertuigbrand 157630,Erasmusweg,\N,\N,\N,\N,2532CD,Den Haag,52.0545776,4.3063657,1DxV9oB1pBUFGkSELz3ZtcmjG3Y=,S,199795,4896,391,12,5170,"1500148,1503902,2029568",\N,\N,Den Haag,Den Haag,POINT (4.3063657 52.0545776)
14847265,2019-01-01 00:00:03,FLEX-A,1600,AORG,P 1 Buitenbrand afval/rommel Miamihof SGRAVH 156830,P 1,1,B,Buitenbrand afval/rommel 156830,Miamihof,\N,\N,\N,\N,2548JB,Den Haag,52.030055600000004,4.284805,JjVtjiyzLLL7Wxs9SKEGwfYJ3Lo=,S,200722,4896,391,12,5170,"1500163,1500352,1503902,2029569",\N,\N,Den Haag,Den Haag,POINT (4.284805 52.0300556)
14847294,2019-01-01 00:03:48,FLEX-A,1600,AORG,P 1 Gebouwbrand woning Goeverneurlaan SGRAVH 159591 159632 155630 157850,P 1,1,B,Gebouwbrand woning 159591 159632 155630 157850,Goeverneurlaan,\N,\N,\N,\N,2523BA,Den Haag,52.0604585,4.3265529,lS+fjhdvXJSSsnmtfWkwN+aETF0=,S,199913,4896,391,12,5170,"1500050,1500142,1500148,1500161,1500209,1503902,2029570",\N,\N,Den Haag,Den Haag,POINT (4.3265529 52.0604585)
14847332,2019-01-01 00:08:25,FLEX-A,1600,AORG,P 1 Voertuigbrand Woonschip Marktweg SGRAVH 157830,P 1,1,B,Voertuigbrand Woonschip 157830,Marktweg,\N,\N,\N,\N,2525JA,Den Haag,52.062104,4.3011585,hvMCsE77VKE3XoK8JxA3vAAkjzE=,S,200665,4896,391,12,5170,"1500142,1503902,2029568",\N,\N,Den Haag,Den Haag,POINT (4.3011585 52.062104)
14847343,2019-01-01 00:09:25,FLEX-A,1600,AORG,P 1 Buitenbrand Loevesteinlaan Cannenburglaan SGRAVH 157730,P 1,1,B,Buitenbrand 157730,Cannenburglaan,\N,\N,\N,\N,2532AL,Den Haag,52.044358100000004,4.292142299999999,RPpfQIBnu3/Op/8odivtylpcLpY=,S,199491,4896,391,12,5170,"1500150,1503902,2029568",\N,\N,Den Haag,Den Haag,POINT (4.292142299999999 52.0443581)
14847378,2019-01-01 00:13:31,FLEX-A,1600,AORG,P 1 Gebouwbrand woning Kranenburgweg SGRAVH 159592 157130 157150 157230,P 1,1,B,Gebouwbrand woning 159592 157130 157150 157230,Kranenburgweg,\N,\N,\N,\N,2581XS,Den Haag,52.0917533,4.2661932,nTGWKuiJFq5ycr88yIF5v0iUW3U=,S,200459,4896,391,12,5170,"1500052,1500140,1500158,1503902,2029568",\N,\N,Den Haag,Den Haag,POINT (4.2661932 52.0917533)
14847379,2019-01-01 00:13:39,FLEX-A,1600,AORG,P 1 BR beheerssysteem OMS Haaglanden Megastore Van der Kunstraat SGRAVH 159635,P 1,1,B,Brandmelding beheerssysteem Melding Via Openbaar Meldsysteem Haaglanden Megastore 159635,Van der Kunstraat,\N,\N,\N,\N,2521AW,Den Haag,52.06361029999999,4.3155436,L2M9nsKXPwW5AJKjMPGWE4IA+J8=,S,201610,4896,391,12,5170,"1500148,1503902,2029568",\N,\N,Den Haag,Den Haag,POINT (4.3155436 52.06361029999999)
14847395,2019-01-01 00:14:42,FLEX-A,1600,AORG,P 1 Nacontrole brand De la Reyweg SGRAVH 159631,P 1,1,B,Nacontrole brand 159631,De la Reyweg,\N,\N,\N,\N,2571EA,Den Haag,52.0700049,4.2843057,2pDdx2gXCdNejGsr/keTnygd6QY=,S,199611,4896,391,12,5170,"1500142,1500208,1503902,2029569",\N,\N,Den Haag,Den Haag,POINT (4.2843057 52.0700049)
14847407,2019-01-01 00:15:36,FLEX-A,1600,AORG,P 1 Voertuigbrand Hoefkade SGRAVH 159634,P 1,1,B,Voertuigbrand 159634,Hoefkade,\N,\N,\N,\N,2525HB,Den Haag,52.06223610000001,4.2994197,QUDcaicAjkSLGdc7vsjp1qJKweM=,S,200100,4896,391,12,5170,"1500142,1500211,1503902,2029569",\N,\N,Den Haag,Den Haag,POINT (4.2994197 52.06223610000001)
14847453,2019-01-01 00:19:43,FLEX-A,1600,AORG,P 1 Gebouwbrand woning Badhuiskade Gevers Deynootweg SGRAVH 159592 157130 157150 157230,P 1,1,B,Gebouwbrand woning 159592 157130 157150 157230,Gevers Deynootweg,\N,\N,\N,\N,2586BB,Den Haag,52.108945500000004,4.2781461,u+Siy6UN8Uq+oH1vCUF5fAG+4No=,S,199901,4896,391,12,5170,"1500052,1500140,1500158,1503902,2029569",\N,\N,Den Haag,Den Haag,POINT (4.2781461 52.1089455)
14847468,2019-01-01 00:20:33,FLEX-A,1600,AORG,P 1 Voertuigbrand Van Boecopkade SGRAVH 157830,P 1,1,B,Voertuigbrand 157830,Van Boecopkade,\N,\N,\N,\N,2518LC,Den Haag,52.075483899999995,4.2927621,5eWpW27u4Jv+AwsYUkzNFM5VwiA=,S,201583,4896,391,12,5170,"1500142,1503902,2029568",\N,\N,Den Haag,Den Haag,POINT (4.2927621 52.07548389999999)
14847478,2019-01-01 00:21:39,FLEX-A,1600,AORG,P 1 Buitenbrand berm/ruigte De Rhijenhof SGRAVH 157730,P 1,1,B,Buitenbrand berm/ruigte 157730,De Rhijenhof,\N,\N,\N,\N,2548AA,Den Haag,52.0341216,4.2766864,WVqtm1PhhvbLrYwzfDprRu5gV4I=,S,199622,4896,391,12,5170,"1500150,1503902,2029569",\N,\N,Den Haag,Den Haag,POINT (4.2766864 52.0341216)
14847561,2019-01-01 00:29:48,FLEX-A,1600,AORG,P 1 Brandgerucht Groen van Prinstererlaan SGRAVH 159636,P 1,1,B,Brandgerucht 159636,Groen van Prinstererlaan,\N,\N,\N,\N,2555HJ,Den Haag,52.0660751,4.2439468,AGVgFDL+VfEg35Hsb9HQl+JIZTw=,S,199957,4896,391,12,5170,"1500150,1500213,1503902,2029570",\N,\N,Den Haag,Den Haag,POINT (4.2439468 52.0660751)
14847600,2019-01-01 00:32:37,FLEX-A,1600,AORG,P 1 Buitenbrand afval/rommel Middachtenweg Guntersteinweg SGRAVH 159632,P 1,1,B,Buitenbrand afval/rommel 159632,Guntersteinweg,\N,\N,\N,\N,2531JP,Den Haag,52.0482388,4.306164900000001,Rk6dH+eoQhIupgwkoDmJhJSEEww=,S,199979,4896,391,12,5170,"1500148,1500209,1503902,2029568",\N,\N,Den Haag,Den Haag,POINT (4.306164900000001 52.0482388)
14847616,2019-01-01 00:34:07,FLEX-A,1600,AORG,P 1 Autom. brand OMS Stadsdeelkantoor Escamp Leyweg SGRAVH 159630,P 1,1,B,Automatisch. brand Melding Via Openbaar Meldsysteem Stadsdeelkantoor 159630,Leyweg,\N,\N,\N,\N,2545CB,Den Haag,52.0611268,4.261607499999999,uVpy8MFmRrBTOrirGj2v8BLCATw=,S,200550,4896,391,12,5170,"1500150,1500207,1503902,2029570",\N,\N,Den Haag,Den Haag,POINT (4.261607499999999 52.0611268)
14847643,2019-01-01 00:35:41,FLEX-A,1600,AORG,P 1 Brandgerucht Groen van Prinstererlaan SGRAVH 157750,P 1,1,B,Brandgerucht 157750,Groen van Prinstererlaan,\N,\N,\N,\N,2555HJ,Den Haag,52.0660751,4.2439468,uEssVKGcqZQwmDu94VWsTvogwgE=,S,199957,4896,391,12,5170,"1500150,1503902,2029569",\N,\N,Den Haag,Den Haag,POINT (4.2439468 52.0660751)
14847685,2019-01-01 00:39:38,FLEX-A,1600,AORG,P 1 Brandgerucht (VK: 7) Elandstraat SGRAVH 157830,P 1,1,B,Brandgerucht (VK: 7) 157830,Elandstraat,\N,\N,\N,\N,2513GL,Den Haag,52.0819291,4.2996676,xS9FueUAMfRxFXSfCBO7OFz9bDc=,S,199764,4896,391,12,5170,"1500142,1503902,2029568",\N,\N,Den Haag,Den Haag,POINT (4.2996676 52.0819291)
14847714,2019-01-01 00:42:10,FLEX-A,1600,AORG,P 1 Buitenbrand Hoenderloostraat SGRAVH 159634,P 1,1,B,Buitenbrand 159634,Hoenderloostraat,\N,\N,\N,\N,2573RJ,Den Haag,52.0674849,4.2809644,4EYWaoVO+2+pHtuBTwSoUq4/Hwo=,S,200104,4896,391,12,5170,"1500142,1500211,1503902,2029569",\N,\N,Den Haag,Den Haag,POINT (4.2809644 52.0674849)
14847738,2019-01-01 00:43:29,FLEX-A,1600,AORG,P 1 Buitenbrand afval/rommel Roeleveenseweg SGRAVH 157430,P 1,1,B,Buitenbrand afval/rommel 157430,Roeleveenseweg,\N,\N,\N,\N,2493ZH,Den Haag,52.0544186,4.4143066,0BRCAk4q44aaTrIiCcPyYE1Qyps=,S,201175,4896,391,12,5170,"1500149,1503902,2029568",\N,\N,Den Haag,Den Haag,POINT (4.4143066 52.0544186)
14847850,2019-01-01 00:51:48,FLEX-A,1600,AORG,P 1 Voertuigbrand Gooilaan Bussumsestraat SGRAVH 157830,P 1,1,B,Voertuigbrand 157830,Bussumsestraat,\N,\N,\N,\N,2574JA,Den Haag,52.0679288,4.275979,MdJj1kejus5RRZr4Wg4avL/EWRc=,S,199482,4896,391,12,5170,"1500142,1503902,2029571",\N,\N,Den Haag,Den Haag,POINT (4.275979 52.0679288)
14847855,2019-01-01 00:52:18,FLEX-A,1600,AORG,P 1 Voertuigbrand Erasmusweg Beresteinlaan SGRAVH 156830,P 1,1,B,Voertuigbrand 156830,Beresteinlaan,\N,\N,\N,\N,2542JA,Den Haag,52.0429026,4.252028599999999,XJOTL8ZRlO6Q0myd7io9SbNbaYk=,S,199329,4896,391,12,5170,"1500163,1500352,1503902,2029568",\N,\N,Den Haag,Den Haag,POINT (4.252028599999999 52.0429026)
14847933,2019-01-01 00:57:42,FLEX-A,1600,AORG,P 1 Brandgerucht (VK: 7) Elandstraat SGRAVH 156531 157850,P 1,1,B,Brandgerucht (VK: 7) 156531 157850,Elandstraat,\N,\N,\N,\N,2513GL,Den Haag,52.0819291,4.2996676,QDjnVQoI84EttSK8ibiqaYKjUf4=,S,199764,4896,391,12,5170,"1500142,1500204,1503902,2029568",\N,\N,Den Haag,Den Haag,POINT (4.2996676 52.0819291)
14847944,2019-01-01 00:59:07,FLEX-A,1600,AORG,P 1 Natuurbrand duin Strandweg SGRAVH 157140,P 1,1,B,Natuurbrand duin 157140,Strandweg,\N,\N,\N,\N,2586JK,Den Haag,52.1093028,4.2751468,JiUrN0sRvnIRCShPVTYygaqAoTo=,S,201427,4896,391,12,5170,"1500121,1500158,1500206,1503902,2029569",\N,\N,Den Haag,Den Haag,POINT (4.2751468 52.1093028)
14847958,2019-01-01 00:59:59,FLEX-A,1600,AORG,P 1 Buitenbrand afval/rommel De Vijver Kikkerbeetlaan SGRAVH 155630,P 1,1,B,Buitenbrand afval/rommel De Vijver 155630,Kikkerbeetlaan,\N,\N,\N,\N,2548WJ,Den Haag,52.0203048,4.301548400000001,IdAmcyj9S9ybOOEoY7FNlQfww1I=,S,200368,4896,391,12,5170,"1500161,1503902,2029568",\N,\N,Den Haag,Den Haag,POINT (4.301548400000001 52.0203048)
14847975,2019-01-01 01:00:52,FLEX-A,1600,AORG,P 1 Gebouwbrand woning Keizerstraat SGRAVH 159591 157150 157230 159631,P 1,1,B,Gebouwbrand woning 159591 157150 157230 159631,Keizerstraat,\N,\N,\N,\N,2584BA,Den Haag,52.1068541,4.2719224,o3KfFcu+YqMEkizdrj47WR9YFAY=,S,200342,4896,391,12,5170,"1500050,1500140,1500142,1500158,1500208,1503902,2029569",\N,\N,Den Haag,Den Haag,POINT (4.2719224 52.1068541)
14848002,2019-01-01 01:03:22,FLEX-A,1600,AORG,P 1 Buitenbrand Cartesiusstraat Valkenboslaan SGRAVH 159634,P 1,1,B,Buitenbrand 159634,Cartesiusstraat,\N,\N,\N,\N,2562SB,Den Haag,52.074122100000004,4.2847271,qEnXs8wq5sll7pcFqYF5+yNkkRM=,S,199503,4896,391,12,5170,"1500142,1500211,1503902,2029568",\N,\N,Den Haag,Den Haag,POINT (4.2847271 52.0741221)
14848020,2019-01-01 01:04:26,FLEX-A,1600,AORG,P 1 Gebouwbrand woning (VK: 9) Keizerstraat SGRAVH 159635 157650,P 1,1,B,Gebouwbrand woning (VK: 9) 159635 157650,Keizerstraat,\N,\N,\N,\N,2584BA,Den Haag,52.1068541,4.2719224,Avy6j97utvFg8XQC6Ss7g0/6Zww=,S,200342,4896,391,12,5170,"1500148,1503902,2029568",\N,\N,Den Haag,Den Haag,POINT (4.2719224 52.1068541)
14848036,2019-01-01 01:06:35,FLEX-A,1600,AORG,P 1 Natuurbrand duin (middelbrand) Strandweg SGRAVH 159592 159599 157140 157468 157480 156882 155481,P 1,1,B,Natuurbrand duin (Gewenst: Versterking van één bluseenheid.) 159592 159599 157140 157468 157480 156882 155481,Strandweg,\N,\N,\N,\N,2586JK,Den Haag,52.1093028,4.2751468,+G2TfUyJ7lD9JTe6Fm9A6Yil24k=,S,201427,4896,391,12,5170,"1500021,1500046,1500052,1500071,1500075,1500149,1500156,1500158,1500163,1500206,1500354,1500355,1503902,2029568",\N,\N,Den Haag,Den Haag,POINT (4.2751468 52.1093028)
14848044,2019-01-01 01:07:15,FLEX-A,1600,AORG,P 1 Natuurbrand duin (VK: 10) (middelbrand) Strandweg SGRAVH 156740,P 1,1,B,Natuurbrand duin (VK: 10) (Gewenst: Versterking van één bluseenheid.) 156740,Strandweg,\N,\N,\N,\N,2586JK,Den Haag,52.1093028,4.2751468,U1enP2rgU8zWCz9loHPG4GbsPDI=,S,201427,4896,391,12,5170,"1500153,1500332,1503902,2029568",\N,\N,Den Haag,Den Haag,POINT (4.2751468 52.1093028)
14848075,2019-01-01 01:09:45,FLEX-A,1600,AORG,P 1 Natuurbrand duin (VK: 10) (middelbrand) Strandweg SGRAVH 155068 155080,P 1,1,B,Natuurbrand duin (VK: 10) (Gewenst: Versterking van één bluseenheid.) 155068 155080,Strandweg,\N,\N,\N,\N,2586JK,Den Haag,52.1093028,4.2751468,O4u1Ql4rxua4toc+UBX7Zir3Gik=,S,201427,4896,391,12,5170,"1500162,1500435,1500440,1503902,2029568",\N,\N,Den Haag,Den Haag,POINT (4.2751468 52.1093028)
14848095,2019-01-01 01:12:00,FLEX-A,1600,AORG,P 1 Gebouwbrand woning (middelbrand) (VK: 9) Keizerstraat SGRAVH,P 1,1,B,Gebouwbrand woning (Gewenst: Versterking van één bluseenheid.) (VK: 9),Keizerstraat,\N,\N,\N,\N,2584BA,Den Haag,52.1068541,4.2719224,HDn3fEszUDxGHCesufCT8kFUnVw=,S,200342,4896,391,12,5170,"1500021,1500046,1500052,1500071,1500075,2029570",\N,\N,Den Haag,Den Haag,POINT (4.2719224 52.1068541)
14848169,2019-01-01 01:17:54,FLEX-A,1600,AORG,P 1 Gebouwbrand woning (middelbrand) (VK: 9) Keizerstraat SGRAVH 159692 155130 157730 155630 157430,P 1,1,B,Gebouwbrand woning (Gewenst: Versterking van één bluseenheid.) (VK: 9) 159692 155130 157730 155630 157430,Keizerstraat,\N,\N,\N,\N,2584BA,Den Haag,52.1068541,4.2719224,5UDBKFndDhPO9w3woA017Tbo2wo=,S,200342,4896,391,12,5170,"1500021,1500046,1500056,1500071,1500075,1500141,1500149,1500150,1500161,1503902,2029570",\N,\N,Den Haag,Den Haag,POINT (4.2719224 52.1068541)
14848184,2019-01-01 01:18:43,FLEX-A,1600,AORG,P 1 Gebouwbrand (zeer grote brand) (Droogtefactor: groen) (VK: 10) Strandweg SGRAVH 159591 156531 157850 156231 159632 159586 155030 156760 156780 155084 156680 156599 156580 159891 159583 159020 159590 159595 159596 169090,P 1,1,B,Gebouwbrand (zeer grote brand) (Droogtefactor: groen) (VK: 10) 159591 156531 157850 156231 159632 159586 155030 156760 156780 155084 156680 156599 156580 159891 159583 159020 159590 159595 159596 169090,Strandweg,\N,\N,\N,\N,2586JK,Den Haag,52.1093028,4.2751468,wAZge6vu/i4EbYZaOoeqXMO/gp8=,S,201427,4896,391,12,5170,"1500020,1500021,1500022,1500040,1500046,1500050,1500054,1500064,1500071,1500075,1500080,1500081,1500084,1500141,1500142,1500147,1500148,1500153,1500162,1500195,1500203,1500204,1500206,1500209,1500252,1500255,1500337,1500435,1500530,1500932,1500938,1503900,1503902,1520320,2029571",\N,\N,Den Haag,Den Haag,POINT (4.2751468 52.1093028)
14848225,2019-01-01 01:22:43,FLEX-A,1600,AORG,P 1 Gebouwbrand (GRIP: 2) (zeer grote brand) (Droogtefactor: groen) (VK: 10) Strandweg SGRAVH,P 1,1,B,Gebouwbrand (GRIP: 2) (zeer grote brand) (Droogtefactor: groen) (VK: 10),Strandweg,\N,\N,\N,\N,2586JK,Den Haag,52.1093028,4.2751468,slNcBbRCXuQ0DetSf3yA3b/Zonw=,S,201427,4896,391,12,5170,"1500001,1500002,1500014,1500015,1500020,1500021,1500042,1500045,1500046,1500048,1500060,1500061,1500063,1500064,1500071,1500075,1500080,1500081,1500084,1500530,1500900,1500902,1500903,1500904,1500905,1500940,1503025,1504043,1520320,1520322,1520335,1520365,1520366,1520380,1530020,1530637,1530659,1530660,1530675,1530676,1533044,1533046,2029568",\N,\N,Den Haag,Den Haag,POINT (4.2751468 52.1093028)
14848294,2019-01-01 01:28:50,FLEX-A,1600,AORG,P 1 Buitenbrand Jacob Pronkstraat SGRAVH 157830,P 1,1,B,Buitenbrand 157830,Jacob Pronkstraat,\N,\N,\N,\N,2584BR,Den Haag,52.106351700000005,4.2721608,l2baHT7FjPpP38dfy0Mip2uugxA=,S,200212,4896,391,12,5170,"1500142,1503902,2029568",\N,\N,Den Haag,Den Haag,POINT (4.2721608 52.1063517)
14848297,2019-01-01 01:29:26,FLEX-A,1600,AORG,P 1 Voertuigbrand Gerard Doustraat SGRAVH 159634,P 1,1,B,Voertuigbrand 159634,Gerard Doustraat,\N,\N,\N,\N,2526NA,Den Haag,52.0702471,4.3016783,YkPQbEs2IdeQFXY5rNATE1LDv78=,S,199892,4896,391,12,5170,"1500142,1500211,1503902,2029568",\N,\N,Den Haag,Den Haag,POINT (4.3016783 52.0702471)
14848366,2019-01-01 01:36:01,FLEX-A,1600,AORG,P 1 Gebouwbrand woning (VK: 2) Vlierboomstraat Kruisbessenstraat SGRAVH 159691 157730 157750 159634,P 1,1,B,Gebouwbrand woning (VK: 2) 159691 157730 157750 159634,Kruisbessenstraat,\N,\N,\N,\N,2564VB,Den Haag,52.0717244,4.2621205,CzaelVFmEPRUIQKUXV7+dSy6WAs=,S,200466,4896,391,12,5170,"1500055,1500142,1500150,1500211,1503902,2029568",\N,\N,Den Haag,Den Haag,POINT (4.2621205 52.0717244)
14848373,2019-01-01 01:36:44,FLEX-A,1600,AORG,P 1 Voertuigbrand Trekvlietplein SGRAVH 156530,P 1,1,B,Voertuigbrand 156530,Trekvlietplein,\N,\N,\N,\N,2516AZ,Den Haag,52.0717893,4.3290608,n7nvADs+o9X5r1ssJtJPMuEVZio=,S,201526,4896,391,12,5170,"1500148,1503902,2029568",\N,\N,Den Haag,Den Haag,POINT (4.3290608 52.0717893)
14848377,2019-01-01 01:36:52,FLEX-A,1600,AORG,P 1 Gebouwbrand woning (VK: 3) Vissershavenweg SGRAVH 157630 159636 155150,P 1,1,B,Gebouwbrand woning (VK: 3) 157630 159636 155150,Vissershavenweg,\N,\N,\N,\N,2583DJ,Den Haag,52.0991199,4.2666614,oTb5kQoKkkxF5SPojGpawHlzyow=,S,201759,4896,391,12,5170,"1500141,1500148,1500150,1500213,1503902,2029568",\N,\N,Den Haag,Den Haag,POINT (4.2666614 52.0991199)
14848405,2019-01-01 01:38:53,FLEX-A,1600,AORG,P 1 Gebouwbrand Zeesluisweg SGRAVH 157630 155550,P 1,1,B,Gebouwbrand 157630 155550,Zeesluisweg,\N,\N,\N,\N,2583DN,Den Haag,52.1019855,4.271991000000001,3ir5nMQhRbihn7Rfor8vhAMbntQ=,S,201982,4896,391,12,5170,"1500144,1500148,1503902,2029568",\N,\N,Den Haag,Den Haag,POINT (4.271991000000001 52.1019855)
14848438,2019-01-01 01:42:30,FLEX-A,1600,AORG,P 1 Geplande actie Kazerne Scheveningen Duinstraat SGRAVH 155260 155280,P 1,1,B,Geplande actie Kazerne 155260 155280,Duinstraat,\N,\N,\N,\N,2584AV,Den Haag,52.101901,4.2765879,LN/KY+Aky+EAmtKJQGDdmMKfCiE=,S,199732,4896,391,12,5170,"1500157,1503902,2029569",\N,\N,Den Haag,Den Haag,POINT (4.2765879 52.101901)
14848471,2019-01-01 01:46:14,FLEX-A,1600,AORG,P 1 naar kazerne scheveningen,P 1,1,B,naar kazerne,\N,\N,\N,\N,\N,\N,Scheveningen,52.10653,4.277293,cncG6QaMIcYk9p2uRSa/Mzt+niM=,W,\N,4894,391,12,5170,"1500147,1500301,1503902,2029569",\N,\N,Scheveningen,Den Haag,POINT (4.277293 52.10653)
14848485,2019-01-01 01:47:23,FLEX-A,1600,AORG,P 1 naar kazerne scheveningen,P 1,1,B,naar kazerne,\N,\N,\N,\N,\N,\N,Scheveningen,52.10653,4.277293,U5gI8N6MzcRJivVSI6ou2TRFt5Q=,W,\N,4894,391,12,5170,"1500144,1503902,2029572",\N,\N,Scheveningen,Den Haag,POINT (4.277293 52.10653)
14848489,2019-01-01 01:47:44,FLEX-A,1600,AORG,P 1 naar kazerne scheveningen,P 1,1,B,naar kazerne,\N,\N,\N,\N,\N,\N,Scheveningen,52.10653,4.277293,uTNztcAWH4ortjbpYiYW7JrCzus=,W,\N,4894,391,12,5170,"1500157,1503902,2029569",\N,\N,Scheveningen,Den Haag,POINT (4.277293 52.10653)
14848541,2019-01-01 01:52:11,FLEX-A,1600,AORG,P 1 Voertuigbrand Fruitweg SGRAVH 159634,P 1,1,B,Voertuigbrand 159634,Fruitweg,\N,\N,\N,\N,2525KE,Den Haag,52.060130799999996,4.3071903,wzIUHLMTCspuV5d1tinmJtr+7v4=,S,199859,4896,391,12,5170,"1500142,1500211,1503902,2029569",\N,\N,Den Haag,Den Haag,POINT (4.3071903 52.0601308)
14848573,2019-01-01 01:55:58,FLEX-A,1600,AORG,P 1 Gebouwbrand industrie (middelbrand) (VK: 4) (berging/garage) 2e Zeesluisdwarsweg SGRAVH 159691,P 1,1,B,Gebouwbrand industrie (Gewenst: Versterking van één bluseenheid.) (VK: 4) (berging/garage) 159691,2e Zeesluisdwarsweg,\N,\N,\N,\N,2583DW,Den Haag,52.098249200000005,4.2665323,YTaGvi3EJNFa9nlZGgpp5cAJG8Q=,S,199090,4896,391,12,5170,"1500021,1500046,1500052,1500055,1500071,1500075,1500932,1500938,1503902,2029568",\N,\N,Den Haag,Den Haag,POINT (4.2665323 52.09824920000001)
14848585,2019-01-01 01:56:51,FLEX-A,1600,AORG,P 1 Voertuigbrand Fruitweg SGRAVH 156831,P 1,1,B,Voertuigbrand 156831,Fruitweg,\N,\N,\N,\N,2525KE,Den Haag,52.060130799999996,4.3071903,19v7U0uUS4Y+qnCZqtzikw4Ojio=,S,199859,4896,391,12,5170,"1500161,1500205,1503902,2029569",\N,\N,Den Haag,Den Haag,POINT (4.3071903 52.0601308)
14848591,2019-01-01 01:57:16,FLEX-A,1600,AORG,Graag contact CaCo GMK Den Haag,\N,\N,B,Graag contact CaCo Gemeenschappelijke Meldkamer,\N,\N,\N,\N,\N,\N,Den Haag,52.0698576,4.2911114,Up0/6ZoOIeeXvUN+6j3MLUs8Hbs=,W,\N,4888,391,12,5170,1500940,\N,\N,Den Haag,Den Haag,POINT (4.2911114 52.0698576)
14848593,2019-01-01 01:57:20,FLEX-A,1600,AORG,P 1 Voertuigbrand Wouwermanstraat SGRAVH 157730,P 1,1,B,Voertuigbrand 157730,Wouwermanstraat,\N,\N,\N,\N,2525KM,Den Haag,52.0636819,4.3068957999999995,lvrwH4PKoQY33X4NJs/C6hZfh6E=,S,201959,4896,391,12,5170,"1500150,1503902,2029571",\N,\N,Den Haag,Den Haag,POINT (4.306895799999999 52.0636819)
14848626,2019-01-01 01:59:50,FLEX-A,1600,AORG,P 1 Brandweer Herbez./Kazern. Kazerne Centrum Zamenhofstraat SGRAVH 156030,P 1,1,B,Brandweer Herbez./Kazern. Kazerne Centrum 156030,Zamenhofstraat,\N,\N,\N,\N,2518BP,Den Haag,52.083537899999996,4.2991572,4COf9HECDSHDjL99dlNRlJUrzUw=,S,201973,4896,391,12,5170,"1500145,1500171,1503902,2029568",\N,\N,Den Haag,Den Haag,POINT (4.2991572 52.0835379)
14848648,2019-01-01 02:01:59,FLEX-A,1600,AORG,P 1 Herbezetten Kazerne Scheveningen Duinstraat SGRAVH 156960 156980,P 1,1,B,Herbezetten Kazerne 156960 156980,Duinstraat,\N,\N,\N,\N,2584AV,Den Haag,52.101901,4.2765879,ztCWt+45dRMCuGeJhaBt368mmqw=,S,199732,4896,391,12,5170,"1500143,1500232,1500236,1503902,2029569",\N,\N,Den Haag,Den Haag,POINT (4.2765879 52.101901)
14848672,2019-01-01 02:04:05,FLEX-A,1600,AORG,P 1 Gebouwbrand (GRIP: 2) (Droogtefactor: groen) (VK: 10) (zeer grote brand) Strandweg SGRAVH 155170,P 1,1,B,Gebouwbrand (GRIP: 2) (Droogtefactor: groen) (VK: 10) (zeer grote brand) 155170,Strandweg,\N,\N,\N,\N,2586JK,Den Haag,52.1093028,4.2751468,6Hr/BqlcctIQSJ+z6sObXjdnsfg=,S,201427,4896,391,12,5170,"1500141,1503902,2029568",\N,\N,Den Haag,Den Haag,POINT (4.2751468 52.1093028)
14848779,2019-01-01 02:15:53,FLEX-A,1600,AORG,P 1 herbezetten kazerne scheveningen 157750,P 1,1,B,herbezetten kazerne 157750,\N,\N,\N,\N,\N,\N,Scheveningen,52.10653,4.277293,EYT7tQ7yt+wvMLD7xX4fwDGAFr8=,W,\N,4894,391,12,5170,"1500150,1503902,2029570",\N,\N,Scheveningen,Den Haag,POINT (4.277293 52.10653)
14848906,2019-01-01 02:30:59,FLEX-A,1600,AORG,P 1 Buitenbrand Pluimzegge SGRAVH 155430,P 1,1,B,Buitenbrand 155430,Pluimzegge,\N,\N,\N,\N,2498DE,Den Haag,52.035471799999996,4.3859508,xAsgaNRysZMtWocoEKwV1K0yAq0=,S,201026,4896,391,12,5170,"1500156,1503902,2029571",\N,\N,Den Haag,Den Haag,POINT (4.3859508 52.0354718)
14848932,2019-01-01 02:33:27,FLEX-A,1600,AORG,P 1 Voertuigbrand Kaapseplein SGRAVH 159634,P 1,1,B,Voertuigbrand 159634,Kaapseplein,\N,\N,\N,\N,2572NC,Den Haag,52.061886,4.296218799999999,exUD0spSfDc0mgMJ6kkdclT2gbc=,S,200309,4896,391,12,5170,"1500142,1500211,1503902,2029570",\N,\N,Den Haag,Den Haag,POINT (4.296218799999999 52.061886)
14848947,2019-01-01 02:34:56,FLEX-A,1600,AORG,P 1 Voertuigbrand Westlandseplein SGRAVH 159632,P 1,1,B,Voertuigbrand 159632,Westlandseplein,\N,\N,\N,\N,2512SX,Den Haag,52.0704112,4.2969916,UkZIVelsAbUabk+aBx8+yXeVCdU=,S,201879,4896,391,12,5170,"1500148,1500209,1503902,2029568",\N,\N,Den Haag,Den Haag,POINT (4.2969916 52.0704112)
14849082,2019-01-01 02:51:14,FLEX-A,1600,AORG,P 1 Buitenbrand afval/rommel Steijnlaan SGRAVH 159634,P 1,1,B,Buitenbrand afval/rommel 159634,Steijnlaan,\N,\N,\N,\N,2571PX,Den Haag,52.0696926,4.292448599999999,GlehrlsdG0BkNB7agFV+CwCnYtw=,S,201405,4896,391,12,5170,"1500142,1500211,1503902,2029568",\N,\N,Den Haag,Den Haag,POINT (4.292448599999999 52.0696926)
14849244,2019-01-01 03:14:18,FLEX-A,1600,AORG,P 1 Buitenbrand Velpsestraat Nunspeetlaan SGRAVH 159634,P 1,1,B,Buitenbrand 159634,Nunspeetlaan,\N,\N,\N,\N,2573GA,Den Haag,52.066112700000005,4.285084400000001,CbefxRuR/fUxICm9FqvhKgN/NjU=,S,200862,4896,391,12,5170,"1500142,1500211,1503902,2029568",\N,\N,Den Haag,Den Haag,POINT (4.285084400000001 52.06611270000001)
14849303,2019-01-01 03:23:55,FLEX-A,1600,AORG,P 1 Voertuigbrand Sirtemastraat SGRAVH 156530,P 1,1,B,Voertuigbrand 156530,Sirtemastraat,\N,\N,\N,\N,2513SN,Den Haag,52.0765068,4.2994012999999995,YqNtTu3Hx5zxF/36KCN2hO4o1t8=,S,201305,4896,391,12,5170,"1500140,1503902,2029569",\N,\N,Den Haag,Den Haag,POINT (4.2994013 52.0765068)
14849517,2019-01-01 03:59:12,FLEX-A,1600,AORG,P 2 Buitenbrand afval/rommel Rosseelsstraat SGRAVH 157630,P 2,2,B,Buitenbrand afval/rommel 157630,Rosseelsstraat,\N,\N,\N,\N,2524BD,Den Haag,52.0552161,4.3181133,skeRhHjj4ztRm1QRYI5aVs/d3/o=,S,201190,4896,391,12,5170,"1500148,1503902,2029568",\N,\N,Den Haag,Den Haag,POINT (4.3181133 52.0552161)
14849708,2019-01-01 04:42:55,FLEX-A,1600,AORG,P 2 Gebouwbrand (GRIP: 1) (Droogtefactor: groen) (VK: 10) (zeer grote brand) Strandweg SGRAVH 155084 156680,P 2,2,B,Gebouwbrand (GRIP: 1) (Droogtefactor: groen) (VK: 10) (zeer grote brand) 155084 156680,Strandweg,\N,\N,\N,\N,2586JK,Den Haag,52.1093028,4.2751468,do1mGlwQEP4eP/mUuS/MHBVRN5I=,S,201427,4896,391,12,5170,"1500147,1500195,1503902,2029569",\N,\N,Den Haag,Den Haag,POINT (4.2751468 52.1093028)
14849754,2019-01-01 04:53:57,FLEX-A,1600,AORG,P 2 Stank/Hinder. lucht (koolmonoxide/CO) Werfstraat SGRAVH 155230,P 2,2,B,Stank/Hinder. lucht (koolmonoxide/ Koolmonoxide) 155230,Werfstraat,\N,\N,\N,\N,2586AV,Den Haag,52.10648629999999,4.2745723,+NTgh0xVa2dX3GHRoSv0cF9lhq4=,S,201867,4896,391,12,5170,"1500158,1503902,2029569",\N,\N,Den Haag,Den Haag,POINT (4.2745723 52.10648629999999)
14849766,2019-01-01 04:57:10,FLEX-A,1600,AORG,P 2 Buitenbrand Bunschotensestraat Bussumsestraat SGRAVH 159634,P 2,2,B,Buitenbrand 159634,Bunschotensestraat,\N,\N,\N,\N,2574KB,Den Haag,52.06603629999999,4.2719097,i0/TDDdz+VC23pteZ5SkNwlUZyU=,S,199466,4896,391,12,5170,"1500142,1500211,1503902,2029568",\N,\N,Den Haag,Den Haag,POINT (4.2719097 52.06603629999999)
14849807,2019-01-01 05:07:27,FLEX-A,1600,AORG,P 2 Stank/Hinder. lucht (koolmonoxide/CO) Werfstraat SGRAVH 156530,P 2,2,B,Stank/Hinder. lucht (koolmonoxide/ Koolmonoxide) 156530,Werfstraat,\N,\N,\N,\N,2586AV,Den Haag,52.10648629999999,4.2745723,VPe9hVbMwzXAA6+hR9uyiaksyuA=,S,201867,4896,391,12,5170,"1500140,1503902,2029568",\N,\N,Den Haag,Den Haag,POINT (4.2745723 52.10648629999999)
14849825,2019-01-01 05:12:12,FLEX-A,1600,AORG,P 2 Buitenbrand container Honthorststraat SGRAVH 159634,P 2,2,B,Buitenbrand container 159634,Honthorststraat,\N,\N,\N,\N,2525EW,Den Haag,52.0660946,4.3009727,UEh/0rydMdAsqKj1K69/y1qlR6I=,S,200125,4896,391,12,5170,"1500142,1500211,1503902,2029568",\N,\N,Den Haag,Den Haag,POINT (4.3009727 52.0660946)
14849860,2019-01-01 05:20:36,FLEX-A,1600,AORG,P 2 Buitenbrand Zorgvlietstraat Jenny Plantsoen SGRAVH 157230,P 2,2,B,Buitenbrand Jenny Plantsoen 157230,Zorgvlietstraat,\N,\N,\N,\N,2513HA,Den Haag,52.07895560000001,4.2969004,10QdXylIZa44Zdcn2FBu0Jfz3/s=,S,202010,4896,391,12,5170,"1500140,1503902,2029568",\N,\N,Den Haag,Den Haag,POINT (4.2969004 52.07895560000001)
14849889,2019-01-01 05:30:59,FLEX-A,1600,AORG,P 2 Buitenbrand afval/rommel Stuyvesantplein SGRAVH 155130,P 2,2,B,Buitenbrand afval/rommel 155130,Stuyvesantplein,\N,\N,\N,\N,2593EK,Den Haag,52.084072799999994,4.3431765,KTc3voI6pLL3akV8VX2AlQ/F4wU=,S,201432,4896,391,12,5170,"1500141,1503902,2029568",\N,\N,Den Haag,Den Haag,POINT (4.3431765 52.08407279999999)
14849895,2019-01-01 05:32:47,FLEX-A,1600,AORG,P 2 Buitenbrand afval/rommel Buitenom SGRAVH 157230,P 2,2,B,Buitenbrand afval/rommel 157230,Buitenom,\N,\N,\N,\N,2512XA,Den Haag,52.072259100000004,4.3042307,tTLUmBTV0DfzZ8DHw6LSCUzR8cU=,S,199461,4896,391,12,5170,"1500140,1503902,2029568",\N,\N,Den Haag,Den Haag,POINT (4.3042307 52.0722591)
14849941,2019-01-01 05:44:38,FLEX-A,1600,AORG,P 2 Buitenbrand afval/rommel Bussumsestraat SGRAVH 157730,P 2,2,B,Buitenbrand afval/rommel 157730,Bussumsestraat,\N,\N,\N,\N,2574JA,Den Haag,52.0679288,4.275979,g+RGmCzZJLY5iej8lzgokyDR2bE=,S,199482,4896,391,12,5170,"1500150,1503902,2029568",\N,\N,Den Haag,Den Haag,POINT (4.275979 52.0679288)
14849950,2019-01-01 05:48:04,FLEX-A,1600,AORG,Incident Strandweg SGRAVH afgeschaald naar GRIP: 0,\N,\N,B,Incident afgeschaald naar GRIP: 0,Strandweg,\N,\N,\N,\N,2586JK,Den Haag,52.1093028,4.2751468,LiHrp4TfC5qE5ZtHf0udRXDM+xo=,S,201427,4896,391,12,5170,"1500121,1500932,1530659,1530660,2029568",\N,\N,Den Haag,Den Haag,POINT (4.2751468 52.1093028)
14849951,2019-01-01 05:48:17,FLEX-A,1600,AORG,Incident Strandweg SGRAVH afgeschaald naar GRIP: 0,\N,\N,B,Incident afgeschaald naar GRIP: 0,Strandweg,\N,\N,\N,\N,2586JK,Den Haag,52.1093028,4.2751468,NFCJc6+QFgupX3fzKsvE4i9NmtU=,S,201427,4896,391,12,5170,"1500001,1500002,1500014,1500015,1500020,1500021,1500022,1500040,1500042,1500045,1500046,1500048,1500052,1500054,1500060,1500061,1500063,1500064,1500071,1500075,1500080,1500081,1500084,1500530,1500900,1500902,1500903,1500904,1500905,1500940,1503025,1504043,1520320,1520322,1520335,1520366,1520380,1530020,1530675,1530676,1530875,1533044,1533046,2029568",\N,\N,Den Haag,Den Haag,POINT (4.2751468 52.1093028)
14849994,2019-01-01 05:59:34,FLEX-A,1600,AORG,P 2 Buitenbrand afval/rommel Oudemansstraat Lorentzplein SGRAVH 159635,P 2,2,B,Buitenbrand afval/rommel 159635,Oudemansstraat,\N,\N,\N,\N,2522SB,Den Haag,52.063099900000005,4.3248372,48tLQUK+aTnXEIHQ1oZJOL5kkTs=,S,200921,4896,391,12,5170,"1500148,1503902,2029568",\N,\N,Den Haag,Den Haag,POINT (4.3248372 52.0630999)
14850043,2019-01-01 06:10:14,FLEX-A,1600,AORG,P 2 Buitenbrand container Rechterenstraat SGRAVH 157630,P 2,2,B,Buitenbrand container 157630,Rechterenstraat,\N,\N,\N,\N,2531RR,Den Haag,52.052789000000004,4.306146400000001,O+FGu0SjcT6LvovU2HKjpw1Tydw=,S,201101,4896,391,12,5170,"1500148,1503902,2029568",\N,\N,Den Haag,Den Haag,POINT (4.306146400000001 52.052789)
14850204,2019-01-01 07:08:11,FLEX-A,1600,AORG,P 2 Buitenbrand afval/rommel (VK: 2) Loevesteinlaan SGRAVH 157630,P 2,2,B,Buitenbrand afval/rommel (VK: 2) 157630,Loevesteinlaan,\N,\N,\N,\N,2533AE,Den Haag,52.0563097,4.2750578,TmbayGjFmEkVG/LWPMAPNix2Ong=,S,200576,4896,391,12,5170,"1500148,1503902,2029568",\N,\N,Den Haag,Den Haag,POINT (4.2750578 52.0563097)
14850215,2019-01-01 07:13:18,FLEX-A,1600,AORG,P 1 Brand bijgebouw (keet/schuurtje) Stichting Anton Constandse Spionkopstraat SGRAVH 157830,P 1,1,B,Brand bijgebouw (keet/schuurtje) Stichting Anton Constandse 157830,Spionkopstraat,\N,\N,\N,\N,2572NK,Den Haag,52.0612383,4.2959442999999995,saurRbq8dqbtt/Re0L8xZvyIh6E=,S,201364,4896,391,12,5170,"1500142,1503902,2029568",\N,\N,Den Haag,Den Haag,POINT (4.295944299999999 52.0612383)
14850291,2019-01-01 07:41:07,FLEX-A,1600,AORG,P 1 Voertuigbrand Bierbrouwersgaarde Muldersgaarde SGRAVH 157730,P 1,1,B,Voertuigbrand 157730,Bierbrouwersgaarde,\N,\N,\N,\N,2542HN,Den Haag,52.034692,4.2678054,JYOomAMtYQpxeuM7jAaB0XTpu/0=,S,199349,4896,391,12,5170,"1500150,1503902,2029568",\N,\N,Den Haag,Den Haag,POINT (4.2678054 52.034692)
14850385,2019-01-01 08:19:10,FLEX-A,1600,AORG,Gaarne kontakt OVD-bz Den Haag,\N,\N,B,Gaarne kontakt OVD-bz,\N,\N,\N,\N,\N,\N,Den Haag,52.0698576,4.2911114,UJONYrwC35ph/uBxwZEBTx3Uwec=,W,\N,4888,391,12,5170,1500902,\N,\N,Den Haag,Den Haag,POINT (4.2911114 52.0698576)
14850480,2019-01-01 08:56:20,FLEX-A,1600,AORG,P 1 Autom. brand OMS (VK: 4) St. Saffier huize Swaenesteyn Nieuwendamlaan SGRAVH 157730,P 1,1,B,Automatisch. brand Melding Via Openbaar Meldsysteem (VK: 4) St. Saffier huize Swaenesteyn 157730,Nieuwendamlaan,\N,\N,\N,\N,2547HW,Den Haag,52.0632853,4.2641372,zW5AaqV2m+gMyv5FTxG0zzlRIrI=,S,200825,4896,391,12,5170,"1500150,1503902,2029568",\N,\N,Den Haag,Den Haag,POINT (4.2641372 52.0632853)
14850501,2019-01-01 09:03:05,FLEX-A,1600,AORG,P 2 Buitenbrand container Herderinnestraat Lange Beestenmarkt SGRAVH 157830,P 2,2,B,Buitenbrand container 157830,Lange Beestenmarkt,\N,\N,\N,\N,2512EB,Den Haag,52.074048,4.3073633000000005,ttkdog4NnGh5zwdeKx5zMNzAsws=,S,200513,4896,391,12,5170,"1500142,1503902,2029569",\N,\N,Den Haag,Den Haag,POINT (4.3073633 52.074048)
14850512,2019-01-01 09:06:48,FLEX-A,1600,AORG,OVD-bz HGL gaarne tel kontakt MKB,\N,\N,B,OVD-bz HGL gaarne Telefonisch kontakt Meldkamer Brandweer,\N,\N,\N,\N,\N,\N,Den Haag,52.0698576,4.2911114,z1iAMILZs4Ca78jSwQ1tlNeHEpU=,W,\N,4896,391,12,5170,1500530,\N,\N,Den Haag,Den Haag,POINT (4.2911114 52.0698576)
14850528,2019-01-01 09:10:59,FLEX-A,1600,AORG,P 2 Buitenbrand container 2e Schuytstraat Koningin Emmakade SGRAVH 157230,P 2,2,B,Buitenbrand container 157230,Koningin Emmakade,\N,\N,\N,\N,2518JJ,Den Haag,52.0807397,4.2886744000000006,vn0kvzxTMZ37YkeZ7pKAbQ/Yi14=,S,200412,4896,391,12,5170,"1500140,1503902,2029568",\N,\N,Den Haag,Den Haag,POINT (4.288674400000001 52.0807397)
14850545,2019-01-01 09:16:01,FLEX-A,1600,AORG,P 2 Buitenbrand container Nijeveenstraat Gietenstraat SGRAVH 157730,P 2,2,B,Buitenbrand container 157730,Nijeveenstraat,\N,\N,\N,\N,2545XV,Den Haag,52.050606200000004,4.266068,zHTnnY1NbKERWCrk5B41Cbcs6Eg=,S,200831,4896,391,12,5170,"1500150,1503902,2029568",\N,\N,Den Haag,Den Haag,POINT (4.266068 52.0506062)
14850591,2019-01-01 09:28:05,FLEX-A,1600,AORG,P Buitenbrand afval/rommel (VK: 9) Erasmusweg Assumburgweg SGRAVH 157630,\N,\N,B,P Buitenbrand afval/rommel (VK: 9) 157630,Assumburgweg,\N,\N,\N,\N,2531RX,Den Haag,52.0509726,4.307481299999999,O7AHMgMzEUGC4++PsFQd+JFalWc=,S,199258,4896,391,12,5170,"1500148,1503902,2029568",\N,\N,Den Haag,Den Haag,POINT (4.307481299999999 52.0509726)
14850742,2019-01-01 10:14:50,FLEX-A,1600,AORG,P 2 Buitenbrand afval/rommel (VK: 4) Openbare Bibliotheek Schrabber SGRAVH 155630,P 2,2,B,Buitenbrand afval/rommel (VK: 4) Openbare Bibliotheek 155630,Schrabber,\N,\N,\N,\N,2496SR,Den Haag,52.0415795,4.3708291,ct98RVVab0+pasaiZg8xPshGeNQ=,S,201276,4896,391,12,5170,"1500161,1503902,2029568",\N,\N,Den Haag,Den Haag,POINT (4.3708291 52.0415795)
14850945,2019-01-01 11:23:35,FLEX-A,1600,AORG,P 2 Buitenbrand afval/rommel (VK: 4) Houtzagerssingel Om-en-Bij SGRAVH 157830,P 2,2,B,Buitenbrand afval/rommel (VK: 4) 157830,Houtzagerssingel,\N,\N,\N,\N,2512XE,Den Haag,52.0723084,4.3055551,jrRRZ9UDoeteAZWD4sfAx/320ho=,S,200152,4896,391,12,5170,"1500142,1503902,2029568",\N,\N,Den Haag,Den Haag,POINT (4.3055551 52.0723084)
14851147,2019-01-01 12:23:59,FLEX-A,1600,AORG,P 2 Buitenbrand container (afvalcontainer) Groene Zoom SGRAVH 155130,P 2,2,B,Buitenbrand container (afvalcontainer) 155130,Groene Zoom,\N,\N,\N,\N,2491EH,Den Haag,52.0658825,4.3734113,dC9os5DPdKCdT4SMusJoc8Co3AI=,S,199958,4896,391,12,5170,"1500141,1503902,2029568",\N,\N,Den Haag,Den Haag,POINT (4.3734113 52.0658825)
14851206,2019-01-01 12:40:14,FLEX-A,1600,AORG,P 2 Buitenbrand container (VK: 2) (afvalcontainer) Gentsestraat Maastrichtsestraat SGRAVH 157230,P 2,2,B,Buitenbrand container (VK: 2) (afvalcontainer) 157230,Maastrichtsestraat,\N,\N,\N,\N,2587XB,Den Haag,52.1118456,4.295541200000001,XKKM8gFkxiBUgaU17C1fRX7PUAA=,S,200623,4896,391,12,5170,"1500140,1503902,2029568",\N,\N,Den Haag,Den Haag,POINT (4.295541200000001 52.1118456)
14851217,2019-01-01 12:45:03,FLEX-A,1600,AORG,P 2 Buitensluiting (VK: 4) Christiaan de Wetstraat SGRAVH 157830,P 2,2,B,Buitensluiting (VK: 4) 157830,Christiaan de Wetstraat,\N,\N,\N,\N,2571TP,Den Haag,52.069311,4.2869570999999995,j2y265IirXxZ+c9KcomFn5Enjtw=,S,199523,4896,391,12,5170,"1500142,1503902,2029568",\N,\N,Den Haag,Den Haag,POINT (4.2869571 52.069311)
14851256,2019-01-01 12:55:07,FLEX-A,1600,AORG,P 2 Buitenbrand container (VK: 13) (afvalcontainer) Nieuwendamlaan SGRAVH 157730,P 2,2,B,Buitenbrand container (VK: 13) (afvalcontainer) 157730,Nieuwendamlaan,\N,\N,\N,\N,2547HW,Den Haag,52.0632853,4.2641372,Xj4r46+35IS4v96ByYRpjFK3hog=,S,200825,4896,391,12,5170,"1500150,1503902,2029568",\N,\N,Den Haag,Den Haag,POINT (4.2641372 52.0632853)
14851259,2019-01-01 12:56:05,FLEX-A,1600,AORG,P 2 Buitenbrand afval/rommel Lau Mazirellaan SGRAVH 157630,P 2,2,B,Buitenbrand afval/rommel 157630,Lau Mazirellaan,\N,\N,\N,\N,2525WT,Den Haag,52.0583242,4.301339,lAtW4tsXm6JnNgR7ZyoSLqWGL6w=,S,200524,4896,391,12,5170,"1500148,1503902,2029568",\N,\N,Den Haag,Den Haag,POINT (4.301339 52.0583242)
14851287,2019-01-01 13:04:44,FLEX-A,1600,AORG,P 2 Buitenbrand container (VK: 14) (afvalcontainer) Galileistraat SGRAVH 157830,P 2,2,B,Buitenbrand container (VK: 14) (afvalcontainer) 157830,Galileïstraat,\N,\N,\N,\N,2561SX,Den Haag,52.0771207,4.2818307,x5nhW/lRJT8HEHNJYlCnYrZ67U4=,S,199870,4896,391,12,5170,"1500142,1503902,2029568",\N,\N,Den Haag,Den Haag,POINT (4.2818307 52.0771207)
14851417,2019-01-01 13:42:27,FLEX-A,1600,AORG,P 2 Buitenbrand container (afvalcontainer) Netscherstraat SGRAVH 157830,P 2,2,B,Buitenbrand container (afvalcontainer) 157830,Netscherstraat,\N,\N,\N,\N,2525AL,Den Haag,52.069132399999994,4.2987663000000005,eQjEJfqWaFi41PKFnhBe44Mpy6Y=,S,200801,4896,391,12,5170,"1500142,1503902,2029568",\N,\N,Den Haag,Den Haag,POINT (4.2987663 52.06913239999999)
14851508,2019-01-01 14:12:24,FLEX-A,1600,AORG,P 2 Ass. ambu (VK: 4) (afhijsen patient) Vijzelstraat SGRAVH 157150 157830,P 2,2,B,Assistentie ambu (VK: 4) (afhijsen patient) 157150 157830,Vijzelstraat,\N,\N,\N,\N,2584GH,Den Haag,52.1036888,4.280141599999999,CfkhImflpMCYb+KWwZfYbEoqiz4=,S,201748,4896,391,12,5170,"1500142,1500158,1503902,2029569",\N,\N,Den Haag,Den Haag,POINT (4.280141599999999 52.1036888)
14851519,2019-01-01 14:15:22,FLEX-A,1600,AORG,P 2 CO-melder (VK: 14) Burgemeester Patijnlaan SGRAVH 157630,P 2,2,B,CO-melder (VK: 14) 157630,Burgemeester Patijnlaan,\N,\N,\N,\N,2585BE,Den Haag,52.088163200000004,4.2977053,Vztshtj78Dw+PHGe9nJNnqi9md0=,S,199474,4896,391,12,5170,"1500148,1503902,2029568",\N,\N,Den Haag,Den Haag,POINT (4.2977053 52.0881632)
14851548,2019-01-01 14:26:03,FLEX-A,1600,AORG,P 1 Voertuigbrand Til Brugmanplantsoen SGRAVH 155630,P 1,1,B,Voertuigbrand 155630,Til Brugmanplantsoen,\N,\N,\N,\N,2525ZZ,Den Haag,52.0591784,4.2956406,1gNKUexcjOTT4oFm4vuvk8mwQ/8=,S,201496,4896,391,12,5170,"1500161,1503902,2029568",\N,\N,Den Haag,Den Haag,POINT (4.2956406 52.0591784)
14851549,2019-01-01 14:26:05,FLEX-A,1600,AORG,P 2 Buitenbrand container (papiercontainer) Louis Davidsstraat Pisuissestraat SGRAVH 157730,P 2,2,B,Buitenbrand container (papiercontainer) 157730,Louis Davidsstraat,\N,\N,\N,\N,2551DZ,Den Haag,52.056467100000006,4.2294802,lYLydUPbByi6s+c2INSRkS1ziAA=,S,200599,4896,391,12,5170,"1500150,1503902,2029569",\N,\N,Den Haag,Den Haag,POINT (4.2294802 52.05646710000001)
14851559,2019-01-01 14:30:43,FLEX-A,1600,AORG,P 2 Buitenbrand afval/rommel (VK: 14) 2e Zeesluisdwarsweg SGRAVH 157730,P 2,2,B,Buitenbrand afval/rommel (VK: 14) 157730,2e Zeesluisdwarsweg,\N,\N,\N,\N,2583DW,Den Haag,52.098249200000005,4.2665323,6VAgpWBPi20ioYielNAIQZoTuQc=,S,199090,4896,391,12,5170,"1500150,1503902,2029569",\N,\N,Den Haag,Den Haag,POINT (4.2665323 52.09824920000001)
14851616,2019-01-01 14:48:07,FLEX-A,1600,AORG,P 2 Buitenbrand (VK: 1) Guido Gezellestraat SGRAVH 157630,P 2,2,B,Buitenbrand (VK: 1) 157630,Guido Gezellestraat,\N,\N,\N,\N,2524CK,Den Haag,52.054400799999996,4.315717,7aKqkIa3eL8B7MyzhE2tQEdymv8=,S,199976,4896,391,12,5170,"1500148,1503902,2029568",\N,\N,Den Haag,Den Haag,POINT (4.315717 52.0544008)
14851674,2019-01-01 15:04:48,FLEX-A,1600,AORG,P 1 Buitenbrand (VK: 5) Bogotastraat SGRAVH 156830,P 1,1,B,Buitenbrand (VK: 5) 156830,Bogotástraat,\N,\N,\N,\N,2548HG,Den Haag,52.030658200000005,4.289234099999999,Gt2cWwViJOUBJ880pJOq+Y8Rgu8=,S,199398,4896,391,12,5170,"1500163,1500352,1503902,2029568",\N,\N,Den Haag,Den Haag,POINT (4.289234099999999 52.0306582)
14851703,2019-01-01 15:12:06,FLEX-A,1600,AORG,P 2 Buitenbrand (VK: 3) Van Drieststraat SGRAVH 157830,P 2,2,B,Buitenbrand (VK: 3) 157830,Van Drieststraat,\N,\N,\N,\N,2552VN,Den Haag,52.0550389,4.245067099999999,Lb0HK8IRm6aw5bVTVj0rd+Nmtpk=,S,201628,4896,391,12,5170,"1500142,1503902,2029568",\N,\N,Den Haag,Den Haag,POINT (4.245067099999999 52.0550389)
14851828,2019-01-01 15:45:46,FLEX-A,1600,AORG,P 2 Buitenbrand container (afvalcontainer) (VK: 6) Laantje van Salland SGRAVH 157630,P 2,2,B,Buitenbrand container (afvalcontainer) (VK: 6) 157630,Laantje van Salland,\N,\N,\N,\N,2548NP,Den Haag,52.0345886,4.2925895999999995,PEcppb0/TpD7Fk2gs5qEf5ycnDU=,S,200504,4896,391,12,5170,"1500148,1503902,2029568",\N,\N,Den Haag,Den Haag,POINT (4.292589599999999 52.0345886)
14851890,2019-01-01 16:04:20,FLEX-A,1600,AORG,P 1 Buitenbrand (VK: 4) Madesteinweg Vroonhoevelaan SGRAVH 157730,P 1,1,B,Buitenbrand (VK: 4) 157730,Vroonhoevelaan,\N,\N,\N,\N,2553ES,Den Haag,52.04386160000001,4.2278199,pRIa5e6PF6ffWF4WABnb5z2bmxw=,S,201804,4896,391,12,5170,"1500150,1503902,2029568",\N,\N,Den Haag,Den Haag,POINT (4.2278199 52.04386160000001)
14851920,2019-01-01 16:17:26,FLEX-A,1600,AORG,P 1 Stank/Hinder. lucht (vreemde lucht) (aardgas) (VK: 5) Cannenburglaan SGRAVH 157630,P 1,1,B,Stank/Hinder. lucht (vreemde lucht) (aardgas) (VK: 5) 157630,Cannenburglaan,\N,\N,\N,\N,2532AL,Den Haag,52.044358100000004,4.292142299999999,ltrd5ixfGKc6c/5UJUysAYlMDLE=,S,199491,4896,391,12,5170,"1500148,1503902,2029568",\N,\N,Den Haag,Den Haag,POINT (4.292142299999999 52.0443581)
14851935,2019-01-01 16:21:29,FLEX-A,1600,AORG,P 2 Buitenbrand afval/rommel (VK: 8) Koningin Marialaan Bezuidenhoutseweg SGRAVH 157230,P 2,2,B,Buitenbrand afval/rommel (VK: 8) 157230,Koningin Marialaan,\N,\N,\N,\N,2595GA,Den Haag,52.0844568,4.333404499999999,BVHVugFN3QrlrTTliphSCX8Pdp0=,S,200415,4896,391,12,5170,"1500140,1503902,2029568",\N,\N,Den Haag,Den Haag,POINT (4.333404499999999 52.0844568)
14851940,2019-01-01 16:22:33,FLEX-A,1600,AORG,P 2 Buitenbrand afval/rommel (VK: 8) Celsiusstraat SGRAVH 157830,P 2,2,B,Buitenbrand afval/rommel (VK: 8) 157830,Celsiusstraat,\N,\N,\N,\N,2562TA,Den Haag,52.070636900000004,4.2793033,1RnXmDWimWUbmQAhXgBnrWji4oI=,S,199514,4896,391,12,5170,"1500142,1503902,2029569",\N,\N,Den Haag,Den Haag,POINT (4.2793033 52.0706369)
14851944,2019-01-01 16:25:29,FLEX-A,1600,AORG,P 2 Buitenbrand afval/rommel (VK: 8) Koningin Marialaan Bezuidenhoutseweg SGRAVH 155130,P 2,2,B,Buitenbrand afval/rommel (VK: 8) 155130,Koningin Marialaan,\N,\N,\N,\N,2595GA,Den Haag,52.0844568,4.333404499999999,yhdS4d+48ckeIAIpT8pUTVBGVrA=,S,200415,4896,391,12,5170,"1500141,1503902,2029568",\N,\N,Den Haag,Den Haag,POINT (4.333404499999999 52.0844568)
14852036,2019-01-01 16:55:37,FLEX-A,1600,AORG,P 2 Buitenbrand berm/ruigte (VK: 5) Monsterseweg SGRAVH 157730,P 2,2,B,Buitenbrand berm/ruigte (VK: 5) 157730,Monsterseweg,\N,\N,\N,\N,2553RA,Den Haag,52.0482193,4.2236459,RHp2MoXLzkt0uxf8J4KhbfFulgI=,S,200758,4896,391,12,5170,"1500150,1503902,2029568",\N,\N,Den Haag,Den Haag,POINT (4.2236459 52.0482193)
14852048,2019-01-01 16:58:09,FLEX-A,1600,AORG,P 1 Autom. brand OMS (VK: 1) Woonzorgpark Loosduinen Willem III straat SGRAVH 157730,P 1,1,B,Automatisch. brand Melding Via Openbaar Meldsysteem (VK: 1) Woonzorgpark 157730,Willem III straat,\N,\N,\N,\N,2552BK,Den Haag,52.051700700000005,4.235017299999999,2+gJ5Y5uYgl9UK0teulFUe7rAGo=,S,201919,4896,391,12,5170,"1500150,1503902,2029568",\N,\N,Den Haag,Den Haag,POINT (4.235017299999999 52.0517007)
14852050,2019-01-01 16:58:40,FLEX-A,1600,AORG,P 2 Buitenbrand container (VK: 4) Tesselseplein SGRAVH 157130,P 2,2,B,Buitenbrand container (VK: 4) 157130,Tesselseplein,\N,\N,\N,\N,2583HN,Den Haag,52.0903553,4.2584854000000005,AoulSpGNkdW6BBv6s2OuR/+KR04=,S,201478,4896,391,12,5170,"1500158,1503902,2029568",\N,\N,Den Haag,Den Haag,POINT (4.258485400000001 52.0903553)
14852069,2019-01-01 17:03:40,FLEX-A,1600,AORG,P 1 Buitenbrand container (VK: 5) Van Gaalenwater SGRAVH 155630,P 1,1,B,Buitenbrand container (VK: 5) 155630,Van Gaalenwater,\N,\N,\N,\N,2497ZR,Den Haag,52.0360094,4.3715627999999995,kz3FZ9bUOrytot8+/yf04qpAlUA=,S,201635,4896,391,12,5170,"1500161,1503902,2029568",\N,\N,Den Haag,Den Haag,POINT (4.3715628 52.0360094)
14852193,2019-01-01 17:45:20,FLEX-A,1600,AORG,P 1 Stank/Hinder. lucht (VK: 1) (gaslucht) Kiplaan SGRAVH 157130,P 1,1,B,Stank/Hinder. lucht (VK: 1) (gaslucht) 157130,Kiplaan,\N,\N,\N,\N,2566SL,Den Haag,52.079956700000004,4.2540248,AtlLoxmZyz1fW0D8hczm4pwJcmo=,S,200372,4896,391,12,5170,"1500158,1503902,2029568",\N,\N,Den Haag,Den Haag,POINT (4.2540248 52.0799567)
14852256,2019-01-01 18:09:55,FLEX-A,1600,AORG,P 1 Ass. ambu (afhijsen patient) (VK: 4) Weimarstraat SGRAVH 157830 157850,P 1,1,B,Assistentie ambu (afhijsen patient) (VK: 4) 157830 157850,Weimarstraat,\N,\N,\N,\N,2562GM,Den Haag,52.079331700000004,4.287573200000001,xNbOgDA5jLZ9AGRYj3Aj72REyMk=,S,201860,4896,391,12,5170,"1500142,1503902,2029568",\N,\N,Den Haag,Den Haag,POINT (4.287573200000001 52.0793317)
14852276,2019-01-01 18:17:48,FLEX-A,1600,AORG,P 1 Autom. brand OMS (VK: 2) Parnassia Monsterseweg SGRAVH 157730,P 1,1,B,Automatisch. brand Melding Via Openbaar Meldsysteem (VK: 2) Parnassia 157730,Monsterseweg,\N,\N,\N,\N,2553RA,Den Haag,52.0482193,4.2236459,0UVzUsxeY8br9SyVNS46t4x+QoY=,S,200758,4896,391,12,5170,"1500150,1503902,2029568",\N,\N,Den Haag,Den Haag,POINT (4.2236459 52.0482193)
14852297,2019-01-01 18:24:05,FLEX-A,1600,AORG,Prio 1 Afrit A12 Li - DEN HAAG BEZUIDENHOUT 3 VOORB Bijzondere verkeerszaken,PRIO 1,1,B,Afrit - BEZUIDENHOUT 3 VOORB Bijzondere verkeerszaken,\N,\N,\N,\N,\N,\N,Den Haag,52.0698576,4.2911114,9v0tiNhaxTISG7dJtq4GwOzvWVI=,W,\N,4888,391,12,5170,1505791,\N,\N,Den Haag,Den Haag,POINT (4.2911114 52.0698576)
14852385,2019-01-01 18:56:01,FLEX-A,1600,AORG,P 2 Buitenbrand afval/rommel (VK: 2) Nunspeetlaan Elspeetstraat SGRAVH 157830,P 2,2,B,Buitenbrand afval/rommel (VK: 2) 157830,Elspeetstraat,\N,\N,\N,\N,2573HM,Den Haag,52.067608899999996,4.2850725,8ZL4YPJlM6n14Q5eFS0MhxbFWZk=,S,199777,4896,391,12,5170,"1500142,1503902,2029569",\N,\N,Den Haag,Den Haag,POINT (4.2850725 52.0676089)
14852389,2019-01-01 18:57:20,FLEX-A,1600,AORG,P 2 Ass. ambu (tilassistentie) Calandkade SGRAVH 157630,P 2,2,B,Assistentie ambu (tilassistentie) 157630,Calandkade,\N,\N,\N,\N,2521AA,Den Haag,52.0614713,4.3147981,kkuftAtjk4Av1D37zCIn++8smds=,S,199486,4896,391,12,5170,"1500148,1503902,2029569",\N,\N,Den Haag,Den Haag,POINT (4.3147981 52.0614713)
14852416,2019-01-01 19:08:31,FLEX-A,1600,AORG,P 1 Gebouwbrand (VK: 4) (schoorsteen) Groot Hertoginnelaan SGRAVH 159591 157830 157850 157230,P 1,1,B,Gebouwbrand (VK: 4) (schoorsteen) 159591 157830 157850 157230,Groot Hertoginnelaan,\N,\N,\N,\N,2517EA,Den Haag,52.0852874,4.2847574999999996,lBt6nPT4tIXy8t25n38GnQX5su4=,S,199967,4896,391,12,5170,"1500050,1500140,1500142,1503902,2029568",\N,\N,Den Haag,Den Haag,POINT (4.2847575 52.0852874)
14852450,2019-01-01 19:25:39,FLEX-A,1600,AORG,"Prio 3 A4 Re 46,9 SGRAVH Wegverkeer verkeersstremming (Soort stremming: pechgeval)",PRIO 3,3,B,SGRAVH Wegverkeer verkeersstremming (Soort stremming: pechgeval),Knooppunt Prins Clausplein,\N,\N,A4,46.9,\N,Den Haag,52.0558446,4.3697939,QVsw3nxehenSQoUSZOwy03YYrpg=,H,\N,4897,391,12,5170,1505791,\N,\N,Ypenburg,Den Haag,POINT (4.3697939 52.0558446)
14852484,2019-01-01 19:34:29,FLEX-A,1600,AORG,P 2 Buitenbrand afval/rommel (VK: 5) Nunspeetlaan Elspeetstraat SGRAVH 157830,P 2,2,B,Buitenbrand afval/rommel (VK: 5) 157830,Elspeetstraat,\N,\N,\N,\N,2573HM,Den Haag,52.067608899999996,4.2850725,h0/ABqc8MJX855MEgj39w5loxFY=,S,199777,4896,391,12,5170,"1500142,1503902,2029568",\N,\N,Den Haag,Den Haag,POINT (4.2850725 52.0676089)
14852514,2019-01-01 19:44:03,FLEX-A,1600,AORG,P 2 Buitenbrand container (VK: 13) (afvalcontainer) Datheenstraat SGRAVH 157130,P 2,2,B,Buitenbrand container (VK: 13) (afvalcontainer) 157130,Datheenstraat,\N,\N,\N,\N,2583BX,Den Haag,52.094255,4.2661819,vg0UXWIeGbSunY18G0EpqBtHMzY=,S,199593,4896,391,12,5170,"1500158,1503902,2029568",\N,\N,Den Haag,Den Haag,POINT (4.2661819 52.094255)
14852520,2019-01-01 19:45:57,FLEX-A,1600,AORG,P 2 Buitenbrand (VK: 3) Rechterenstraat SGRAVH 157630,P 2,2,B,Buitenbrand (VK: 3) 157630,Rechterenstraat,\N,\N,\N,\N,2531RR,Den Haag,52.052789000000004,4.306146400000001,W/KFwKr/ZGWHt0LYcKyn+m0+CmU=,S,201101,4896,391,12,5170,"1500148,1503902,2029568",\N,\N,Den Haag,Den Haag,POINT (4.306146400000001 52.052789)
14852531,2019-01-01 19:50:18,FLEX-A,1600,AORG,P 2 Buitenbrand container (VK: 14) Grolloostraat SGRAVH 157830,P 2,2,B,Buitenbrand container (VK: 14) 157830,Grolloostraat,\N,\N,\N,\N,2545WE,Den Haag,52.0505366,4.269767900000001,rCnFaKR3xzWnAlPExg3kc9gP52E=,S,199965,4896,391,12,5170,"1500142,1503902,2029568",\N,\N,Den Haag,Den Haag,POINT (4.269767900000001 52.0505366)
14852571,2019-01-01 20:10:38,FLEX-A,1600,AORG,Gaarne tel.contact MKB.,\N,\N,B,Gaarne Telefonisch .contact Meldkamer Brandweer .,\N,\N,\N,\N,\N,\N,Den Haag,52.0698576,4.2911114,GuB8KVg9Lvuui1dhNhS3pNFbPfY=,W,\N,4896,391,12,5170,1500530,\N,\N,Den Haag,Den Haag,POINT (4.2911114 52.0698576)
14852587,2019-01-01 20:15:46,FLEX-A,1600,AORG,P 2 Buitenbrand container (VK: 2) Haveltestraat SGRAVH 157630,P 2,2,B,Buitenbrand container (VK: 2) 157630,Haveltestraat,\N,\N,\N,\N,2541SB,Den Haag,52.0441641,4.2795981,bC3Bsn95kkBr3RObEgE/nzzG1KI=,S,200026,4896,391,12,5170,"1500148,1503902,2029568",\N,\N,Den Haag,Den Haag,POINT (4.2795981 52.0441641)
14852663,2019-01-01 20:51:22,FLEX-A,1600,AORG,P 2 Buitenbrand container (VK: 3) (afvalcontainer) Hildo Kroplaan SGRAVH 157830,P 2,2,B,Buitenbrand container (VK: 3) (afvalcontainer) 157830,Hildo Kroplaan,\N,\N,\N,\N,2552XM,Den Haag,52.0553859,4.250345200000001,YODPh7kL4j+XxRv7odWb72AW+xA=,S,200090,4896,391,12,5170,"1500142,1503902,2029568",\N,\N,Den Haag,Den Haag,POINT (4.250345200000001 52.0553859)
14852675,2019-01-01 20:54:37,FLEX-A,1600,AORG,P 2 Buitenbrand afval/rommel (VK: 13) Dr. H.E. van Geldererf SGRAVH 157630,P 2,2,B,Buitenbrand afval/rommel (VK: 13) 157630,Dr. H.E. van Geldererf,\N,\N,\N,\N,2552KM,Den Haag,52.0541064,4.2520835,t13DgCSFG+TzPTseB28V6Gp4Z4Y=,S,199696,4896,391,12,5170,"1500148,1503902,2029568",\N,\N,Den Haag,Den Haag,POINT (4.2520835 52.0541064)
14852678,2019-01-01 20:55:14,FLEX-A,1600,AORG,P 2 Buitenbrand afval/rommel (VK: 15) Van Campenvaart SGRAVH 155630,P 2,2,B,Buitenbrand afval/rommel (VK: 15) 155630,Van Campenvaart,\N,\N,\N,\N,2497ZB,Den Haag,52.0358291,4.3676184000000005,KH/foyKWcCuYHDVZ4e7Jyj/0gMo=,S,201589,4896,391,12,5170,"1500161,1503902,2029569",\N,\N,Den Haag,Den Haag,POINT (4.3676184 52.0358291)
14852680,2019-01-01 20:55:55,FLEX-A,1600,AORG,Gaarne tel.contact MKB,\N,\N,B,Gaarne Telefonisch .contact Meldkamer Brandweer,\N,\N,\N,\N,\N,\N,Den Haag,52.0698576,4.2911114,SvzhUqKpGjVKzsIGlz+T83t8lVI=,W,\N,4896,391,12,5170,1500052,\N,\N,Den Haag,Den Haag,POINT (4.2911114 52.0698576)
14852790,2019-01-01 21:39:20,FLEX-A,1600,AORG,Tel.contact MKB graag.,\N,\N,B,Telefonisch .contact Meldkamer Brandweer graag.,\N,\N,\N,\N,\N,\N,Den Haag,52.0698576,4.2911114,SLVG2N3VyL84WF7mOHOensMHrtY=,W,\N,4896,391,12,5170,1500052,\N,\N,Den Haag,Den Haag,POINT (4.2911114 52.0698576)
14852798,2019-01-01 21:42:37,FLEX-A,1600,AORG,P 2 Ass. politie De Bruynestraat SGRAVH 157230 157150,P 2,2,B,Assistentie politie 157230 157150,De Bruynestraat,\N,\N,\N,\N,2597RD,Den Haag,52.099767299999996,4.315477099999999,/YGQs2PI47bjcjNKGVaO+v6hbEM=,S,199599,4896,391,12,5170,"1500140,1500158,1503902,2029568",\N,\N,Den Haag,Den Haag,POINT (4.315477099999999 52.0997673)
14852803,2019-01-01 21:44:22,FLEX-A,1600,AORG,P 2 Buitenbrand afval/rommel (VK: 3) Nachtegaallaan Laan van Poot SGRAVH 157130,P 2,2,B,Buitenbrand afval/rommel (VK: 3) 157130,Nachtegaallaan,\N,\N,\N,\N,2566JJ,Den Haag,52.0831738,4.2652475999999995,L1i/sa/Jl8R6Oe0G2FRnGG/bdIk=,S,200783,4896,391,12,5170,"1500158,1503902,2029569",\N,\N,Den Haag,Den Haag,POINT (4.265247599999999 52.0831738)
14852817,2019-01-01 21:48:37,FLEX-A,1600,AORG,P 1 Voertuigbrand (VK: 15) Dr. Schaepmanstraat SGRAVH 157630,P 1,1,B,Voertuigbrand (VK: 15) 157630,Dr. Schaepmanstraat,\N,\N,\N,\N,2524CW,Den Haag,52.053025700000006,4.3158992,S4C9a5iyyY3Fb9bVlQFa0lbeSkc=,S,199706,4896,391,12,5170,"1500148,1503902,2029568",\N,\N,Den Haag,Den Haag,POINT (4.3158992 52.05302570000001)
14852819,2019-01-01 21:49:57,FLEX-A,1600,AORG,P 2 Wateroverlast (VK: 3) Hadewichstraat SGRAVH 157830,P 2,2,B,Wateroverlast (VK: 3) 157830,Hadewichstraat,\N,\N,\N,\N,2531XW,Den Haag,52.057737,4.2956838,5rAsylzgzcwSysXaOHX4vQv25io=,S,199991,4896,391,12,5170,"1500142,1503902,2029568",\N,\N,Den Haag,Den Haag,POINT (4.2956838 52.057737)
14852838,2019-01-01 22:01:07,FLEX-A,1600,AORG,P 1 Alarm rookmelder (VK: 4) Van der Kunstraat SGRAVH 155630,P 1,1,B,Alarm rookmelder (VK: 4) 155630,Van der Kunstraat,\N,\N,\N,\N,2521AW,Den Haag,52.06361029999999,4.3155436,PHe3dbDiLLVkh+o6Ye4+Y1dvgFM=,S,201610,4896,391,12,5170,"1500161,1503902,2029568",\N,\N,Den Haag,Den Haag,POINT (4.3155436 52.06361029999999)
14852898,2019-01-01 22:35:20,FLEX-A,1600,AORG,P 1 Autom. brand OMS (VK: 5) Parnassia Monsterseweg SGRAVH 157330,P 1,1,B,Automatisch. brand Melding Via Openbaar Meldsysteem (VK: 5) Parnassia 157330,Monsterseweg,\N,\N,\N,\N,2553RA,Den Haag,52.0482193,4.2236459,lMjHI09hu1r7yR0x2n9rgbqSai8=,S,200758,4896,391,12,5170,"1500153,1500216,1500332,1503902,2029568",\N,\N,Den Haag,Den Haag,POINT (4.2236459 52.0482193)
14852968,2019-01-01 23:08:29,FLEX-A,1600,AORG,P 2 Buitenbrand (VK: 12) Houtrustweg SGRAVH 155189 155170,P 2,2,B,Buitenbrand (VK: 12) 155189 155170,Houtrustweg,\N,\N,\N,\N,2566GJ,Den Haag,52.0862581,4.270812599999999,hgYFPivvK6BN9PwCa/n6KKdlYcw=,S,200148,4896,391,12,5170,"1500141,1503902,2029568",\N,\N,Den Haag,Den Haag,POINT (4.270812599999999 52.0862581)
14852993,2019-01-01 23:26:57,FLEX-A,1600,AORG,P 2 Buitenbrand (VK: 2) Albert Heijn Hildo Kroplaan SGRAVH 157830,P 2,2,B,Buitenbrand (VK: 2) Albert Heijn 157830,Hildo Kroplaan,\N,\N,\N,\N,2552XM,Den Haag,52.0553859,4.250345200000001,2HMNIHHgtJCLLFB6TVY9Sox1D/s=,S,200090,4896,391,12,5170,"1500142,1503902,2029568",\N,\N,Den Haag,Den Haag,POINT (4.250345200000001 52.0553859)
14853010,2019-01-01 23:36:42,FLEX-A,1600,AORG,P 2 Buitenbrand container (VK: 3) Nieuwe Duinweg SGRAVH 157130,P 2,2,B,Buitenbrand container (VK: 3) 157130,Nieuwe Duinweg,\N,\N,\N,\N,2587AA,Den Haag,52.1052865,4.2874689,WraniAlqq9jXjuo+pIy4JodJyBY=,S,200816,4896,391,12,5170,"1500158,1503902,2029568",\N,\N,Den Haag,Den Haag,POINT (4.2874689 52.1052865)
