01-01-20,07:31:24,P 2,BDH-06,Buitenbrand afval/rommel Soestdijksekade,SGRAVH,157730
01-01-20,07:29:09,P 2,BDH-05,Buitenbrand container Oeverwallaan,SGRAVH,155430
01-01-20,07:06:48,P 2,BDH-03,Buitenbrand afval/rommel Ambachtsweg,WATERI,156830
01-01-20,06:54:52,P 2,Voor aflossing BDH-17,Gebouwbrand kantoor (GRIP: 2) (zeer grote brand) Gebroeders Koot & Zn Industrieweg,ZOETMR,156130
01-01-20,06:53:33,P 2,BDH-02,Buitenbrand container Rechterenstraat,SGRAVH,157630
01-01-20,06:39:36,P 2,BDH-17,Gebouwbrand kantoor (GRIP: 2) (zeer grote brand) Gebroeders Koot & Zn Industrieweg,ZOETMR,156231
01-01-20,06:31:57,P 2,BDH-10,Buitenbrand Louis Armstrongkade Charlie Parkerstraat,SGRAVH,157730
01-01-20,06:21:24,P 2,BDH-08,Buitenbrand De Wielepet Heijdseweg,MONSTR,156730
,,01-01-20,06:18:21,p1
01-01-20,06:14:28,P 2,BDH-09,Buitenbrand afval/rommel Oudemansstraat,SGRAVH,157630
01-01-20,06:04:05,P 1,BDH-12,Brandgerucht Halleystraat,SGRAVH,157830
01-01-20,06:00:41,P 1,BDH-17,Gebouwbrand kantoor (GRIP: 2) (zeer grote brand) Gebroeders Koot & Zn,Industrieweg,ZOETMR
01-01-20,05:58:13,P 1,BDH-11,Brandgerucht Westduinweg,SGRAVH,157130
01-01-20,05:54:22,P 2,BDH-08,Buitenbrand container (afvalcontainer) Laan der Zeven Linden Gouden Rijderplein,DELFGW,155430
01-01-20,05:44:54,P 2,BDH-14,Buitenbrand container (afvalcontainer) Praagsingel Reykjavikweg,SGRAVH,156830
01-01-20,05:41:24,P 2,BDH-12,Buitenbrand container (afvalcontainer) Apeldoornselaan,SGRAVH,159635
01-01-20,05:37:18,P 2,BDH-10,Buitenbrand container (afvalcontainer) Melis Stokelaan,SGRAVH,157730
01-01-20,05:27:05,P 1,BDH-11,Voertuigbrand Kaapstraat,SGRAVH,157830
01-01-20,05:21:31,P 2,BDH-09,Buitenbrand container Middenweg Laan van Wateringse Veld,SGRAVH,156830
01-01-20,05:08:48,P 2,BDH-10,CO-melder Piet Heinstraat,SGRAVH,157830
01-01-20,05:06:53,P 1,BDH-14,Voertuigbrand Potgieterstraat,SGRAVH,156730
01-01-20,04:57:48,P 2,BDH-10,Buitenbrand afval/rommel Diamanthorst,SGRAVH,155130
01-01-20,04:56:59,P 2,BDH-09,Buitenbrand afval/rommel Lommerbaan,ZOETMR,162236
01-01-20,04:51:46,P 2,BDH-12,Buitenbrand container Marktweg Groenteweg,SGRAVH,157630
01-01-20,04:51:14,P 2,BDH-08,Buitenbrand Charlottestraat,WASSNR,157230
01-01-20,04:49:39,P 2,BDH-11,Buitenbrand container (afvalcontainer) Moerweg,SGRAVH,159631
01-01-20,04:42:20,P 2,BDH-09,Buitenbrand afval/rommel Nelly Sachslaan Gabriela Mistrallaan,SGRAVH,159630
01-01-20,04:40:20,P 2,BDH-10,Buitenbrand Amazonestraat,SGRAVH,157630
01-01-20,04:39:41,P 2,BDH-07,Buitenbrand afval/rommel Rabarberstraat Heesterstraat,SGRAVH,159635
01-01-20,04:34:54,P 2,BDH-18,Buitenbrand container Jan van Gojenstraat,SGRAVH,157830
01-01-20,04:33:54,P 2,BDH-05,Buitenbrand afval/rommel Prins Frederiklaan,LEIDDM,155130
01-01-20,04:32:09,P 2,BDH-08,Buitenbrand container (afvalcontainer) Hof van Koningsveld,NOOTDP,155430
01-01-20,04:31:07,P 2,BDH-09,Buitenbrand afval/rommel Nelly Sachslaan Gabriela Mistrallaan,SGRAVH,156230
01-01-20,04:27:44,P 2,BDH-09,Buitenbrand Van Ruysbroekstraat,SGRAVH,159631
01-01-20,04:25:48,P 2,BDH-08,Buitenbrand container Belgischeplein,SGRAVH,157130
01-01-20,04:18:48,P 2,BDH-18,Buitenbrand container Nunspeetlaan,SGRAVH,157830
01-01-20,04:16:53,P 1,BDH-07,Voertuigbrand Kockstraat,SGRAVH,159635
01-01-20,04:11:37,P 1,BDH-05,Buitenbrand afval/rommel Brempark,ZOETMR,156231
01-01-20,04:09:26,P 1,BDH-17,Gebouwbrand kantoor (GRIP: 1) (zeer grote brand) Gebroeders Koot & Zn,Industrieweg,ZOETMR
01-01-20,04:09:11,P 2,BDH-10,Buitenbrand container Werkhovenstraat,SGRAVH,157730
01-01-20,04:03:46,P 2,BDH-07,Buitenbrand container (papiercontainer) Gerard Doustraat,SGRAVH,157630
01-01-20,04:02:54,P 2,BDH-07,Buitenbrand container Plataanstraat,SGRAVH,159635
01-01-20,03:59:07,P 2,BDH-08,Buitenbrand Stastokstraat,SGRAVH,159631
01-01-20,03:56:22,P 2,BDH-09,Buitenbrand container Burgemeester Kolfschotenlaan,SGRAVH,157230
01-01-20,03:53:26,P 2,BDH-05,Ass. ambu (tilassistentie) Granaat,ZOETMR,155430
01-01-20,03:52:59,P 2,Steenplaetsstraat,RIJSZH,155630
01-01-20,03:50:48,P 2,BDH-18,Buitenbrand container Herman Costerstraat Boerenstraat,SGRAVH,157830
01-01-20,03:49:20,P 2,BDH-05,Buitenbrand afval/rommel Monseigneur van Steelaan,VOORB,155130
01-01-20,03:47:50,P 1,BDH-07,Voertuigbrand Middenstede,SGRAVH,157730
01-01-20,03:40:13,P 1,BDH-17,Gebouwbrand kantoor (GRIP: 1) (zeer grote brand) Gebroeders Koot & Zn,Industrieweg,ZOETMR
01-01-20,03:37:17,P 1,BDH-11,Voertuigbrand Hoogeveenlaan,SGRAVH,157730
01-01-20,03:36:39,P 1,BDH-18,Voertuigbrand Jan van Beersstraat,SGRAVH,157830
01-01-20,03:35:25,P 1,BDH-12,Voertuigbrand Duinweg,SGRAVH,157130
01-01-20,03:33:35,P 1,BDH-05,Alarm rookmelder Bijdorplaan,ZOETMR,162236
01-01-20,03:33:10,P 2,BDH-10,Buitenbrand Atlantastraat,SGRAVH,156830
01-01-20,03:31:23,P 2,BDH-05,Buitenbrand container (afvalcontainer) Verhagen Metmanstraat,RIJSZH,157630
01-01-20,03:31:11,P 1,BDH-08,Voertuigbrand Hoogeveenlaan,SGRAVH,156230
01-01-20,03:30:05,P 1,BDH-06,Voertuigbrand Prinses Marie Louiselaan,LEIDDM,155130
01-01-20,03:27:12,P 2,Brandweer Herbez./Kazern. Kazerne Leidschenveen Donau,SGRAVH,157750
01-01-20,03:26:48,P 1,BDH-14,Voertuigbrand De Werf,SGRAVH,159630
01-01-20,03:25:31,P 1,BDH-11,Voertuigbrand Valkenboskade,SGRAVH,159635
01-01-20,03:21:45,P 1,BDH-15,Gebouwbrand Anjerlaan NAALDW 156450 159691,156430,156730
01-01-20,03:20:31,P 1,BDH-08,Voertuigbrand Gaslaan,SGRAVH,157830
01-01-20,03:18:16,P 1,BDH-05,Buitenbrand van Vredenburchweg Jozef Israelslaan,RIJSZH,155630
01-01-20,03:17:13,P 2,BDH-16,Dienstverlening Industrieweg,ZOETMR,159593
01-01-20,03:16:52,P 2,BDH-16,Dienstverlening Industrieweg ZOETMR 156531 159632,159636,155040
01-01-20,03:14:18,P 2,BDH-08,Buitenbrand afval/rommel Wethouder Verheulplantsoen,SGRAVH,159632
01-01-20,03:14:07,P 1,BDH-17,Gebouwbrand kantoor (GRIP: 1) (zeer grote brand) Gebroeders Koot & Zn Industrieweg ZOETMR,156960,156980
01-01-20,03:13:10,P 2,BDH-10,Buitenbrand afval/rommel Vlierboomstraat,SGRAVH,159630
01-01-20,03:07:50,P 2,BDH-19,Buitenbrand container Wezelrade,SGRAVH,156630
01-01-20,03:06:40,P 1,BDH-14,Voertuigbrand Jan Romeinstraat,SGRAVH,157730
01-01-20,03:06:37,P 1,BDH-08,OMS Geverifieerd (brandmelding OMS) Frederik Kazerne Van Alkemadelaan,SGRAVH,159635
01-01-20,03:06:17,P 1,BDH-08,OMS Geverifieerd (brandmelding OMS) WKC Leyweg / Hemapool Leyweg,SGRAVH,159630
01-01-20,03:06:09,P 1,BDH-11,Voertuigbrand Boerhaavestraat,SGRAVH,157830
01-01-20,03:03:43,P 1,BDH-20,Gebouwbrand woning Regentesselaan SGRAVH 157150 159593,156531,157130
01-01-20,03:03:27,P 1,BDH-17,Gebouwbrand kantoor (GRIP: 1) (zeer grote brand) Gebroeders Koot & Zn,Industrieweg,ZOETMR
01-01-20,03:02:52,P 1,BDH-17,Gebouwbrand kantoor (zeer grote brand) Gebroeders Koot & Zn Industrieweg,ZOETMR,155481
01-01-20,03:02:45,P 2,BDH-12,Buitenbrand afval/rommel Van Vlotenstraat Rosseelsstraat,SGRAVH,157630
01-01-20,02:59:46,P 1,BDH-15,Voertuigbrand van Goghlaan,MONSTR,156730
01-01-20,02:59:08,P 1,Ongeval letsel Staverdenstraat,SGRAVH,157650
01-01-20,02:54:39,P 2,Brandweer Herbez./Kazern. (herbezetting) Kazerne Wassenaar Johan de,Wittstraat,WASSNR
01-01-20,02:54:27,P 1,BDH-18,Buitenbrand berm/ruigte Johan Huizingaplein,SGRAVH,156230
01-01-20,02:53:42,P 1,BDH-09,Voertuigbrand Trekvlietplein,SGRAVH,157630
01-01-20,02:51:58,P 2,BDH-08,Buitenbrand afval/rommel Sandersdijk,SGRAVH,159632
01-01-20,02:51:46,P 1,BDH-17,Gebouwbrand kantoor (zeer grote brand) Gebroeders Koot & Zn Industrieweg,ZOETMR,157850
01-01-20,02:50:29,P 1,BDH-07,Buitenbrand afval/rommel Oosteinde Laan van Wateringse Veld,SGRAVH,156830
01-01-20,02:50:20,P 1,BDH-05,Buitenbrand afval/rommel Van Schuijlenburchstraat,DELFT,155530
01-01-20,02:50:05,P 1,BDH-19,Voertuigbrand Bontekoekade,SGRAVH,159631
01-01-20,02:48:45,P 2,BDH-06,Nacontrole brand Patrijslaan,HONSDK,156430
01-01-20,02:48:45,P 1,BDH-17,Gebouwbrand kantoor (zeer grote brand) Gebroeders Koot & Zn Industrieweg,ZOETMR,155370
01-01-20,02:47:20,P 2,BDH-08,Buitenbrand afval/rommel Sandersdijk,SGRAVH,157430
01-01-20,02:46:47,P 2,BDH-08,Buitenbrand afval/rommel Sandersdijk,SGRAVH,155530
01-01-20,02:46:40,P 1,BDH-16,Gebouwbrand woning Dunantstraat ZOETMR 157650 159593,156231,155430
01-01-20,02:45:08,P 1,BDH-17,Gebouwbrand kantoor (zeer grote brand) Gebroeders Koot & Zn Industrieweg ZOETMR 159592 157430 159586 156699 156680 159891,159583,169090
01-01-20,02:43:54,P 1,BDH-17,Gebouwbrand (grote brand) Gebroeders Koot & Zn Industrieweg,ZOETMR,155150
01-01-20,02:43:30,P 1,BDH-17,Gebouwbrand (grote brand) Gebroeders Koot & Zn Industrieweg ZOETMR 159594 159599 156882 155060 155080 155030 159020,159590,159596
01-01-20,02:42:59,P 1,BDH-17,Gebouwbrand Gebroeders Koot & Zn Industrieweg,ZOETMR,159638
01-01-20,02:39:13,P 2,BDH-10,Buitenbrand afval/rommel Maasstraat,SGRAVH,156530
01-01-20,02:38:05,P 1,BDH-17,Gebouwbrand Gebroeders Koot & Zn Industrieweg ZOETMR 155250 159591,155330,155230
01-01-20,02:37:00,P 2,Afstemverzoek Steenplaetsstraat,RIJSZH,159636
01-01-20,02:34:28,P 2,BDH-09,Buitenbrand afval/rommel Louis Armstrongplein,SGRAVH,157730
01-01-20,02:26:25,P 1,BDH-08,Voertuigbrand Leyweg Coevordenstraat,SGRAVH,157630
01-01-20,02:24:52,P 2,BDH-08,Buitenbrand afval/rommel Haringkade,SGRAVH,159633
01-01-20,02:23:22,P 1,BDH-11,Voertuigbrand King Olivereiland,SGRAVH,159630
01-01-20,02:22:11,P 1,BDH-06,Buitenbrand berm/ruigte Balsahout Berkehout,ZOETMR,155330
01-01-20,02:21:19,P 1,BDH-09,Gebouwbrand woning Van Boetzelaerlaan,SGRAVH,156230
01-01-20,02:19:47,P 1,BDH-09,Gebouwbrand woning Van Boetzelaerlaan SGRAVH 157150 159591,157130,159633
01-01-20,02:18:57,P 1,BDH-05,Voertuigbrand Prinsenhof Prins Frederiklaan,LEIDDM,159638
01-01-20,02:18:27,P 1,BDH-05,Voertuigbrand Beijnenstraat,VOORB,155130
01-01-20,02:17:18,P 1,BDH-08,Voertuigbrand Erasmusweg Vrederustlaan,SGRAVH,157730
01-01-20,02:17:03,P 1,BDH-12,Buitenbrand afval/rommel Duke Ellingtonstraat,SGRAVH,159630
01-01-20,02:15:22,P 1,BDH-06,Voertuigbrand Schoolstraat,RIJSZH,155630
01-01-20,02:15:18,P 1,BDH-08,Buitenbrand afval/rommel Boomsluiterskade Maasstraat,SGRAVH,156530
01-01-20,02:12:29,P 2,BDH-05,Buitenbrand afval/rommel van Royenplein Jan Mulderstraat,VOORB,155130
01-01-20,02:10:52,P 1,BDH-16,Voertuigbrand Van Doornicksingel,WATERI,156830
01-01-20,02:06:18,P 1,BDH-07,Voertuigbrand Korbootstraat,SGRAVH,159633
01-01-20,02:05:42,P 1,BDH-15,Alarm rookmelder Bibliotheek Langstraat,WASSNR,155030
01-01-20,02:05:30,P 1,BDH-09,Buitenbrand container Kraayensteinlaan,SGRAVH,159630
01-01-20,02:04:49,P 2,BDH-09,Buitenbrand Praagsingel,SGRAVH,156830
01-01-20,02:01:52,P 1,BDH-07,Buitenbrand afval/rommel Hendrik van Deventerstraat,SGRAVH,159635
01-01-20,01:59:46,P 1,BDH-08,Voertuigbrand Goeverneurlaan,SGRAVH,159636
01-01-20,01:58:39,P 2,BDH-06,Buitenbrand afval/rommel Mauvelaan,RIJSZH,155630
01-01-20,01:58:27,P 1,BDH-07,Buitenbrand Boerenstraat Wolmaransstraat,SGRAVH,156531
01-01-20,01:57:27,P 1,BDH-06,Buitenbrand afval/rommel Leopoldhove,ZOETMR,155230
01-01-20,01:57:14,P 1,BDH-09,Buitenbrand afval/rommel Elandstraat,SGRAVH,156530
01-01-20,01:56:57,P 1,BDH-07,Buitenbrand Haringkade,SGRAVH,157130
01-01-20,01:54:05,P 1,BDH-09,Voertuigbrand Douglaslaan Jonkheer van Riemsdijklaan,SGRAVH,157430
01-01-20,01:49:21,P 1,BDH-02,Gebouwbrand Koningin,Julianastraat,BENT
01-01-20,01:49:21,P 1,BDH-10,Buitenbrand container Wantsnijdersgaarde,SGRAVH,157730
01-01-20,01:48:37,P 1,BDH-09,Buitenbrand afval/rommel Delftselaan,SGRAVH,156531
01-01-20,01:45:18,P 1,BDH-10,Gebouwbrand Waldorpstraat SGRAVH 157650 159591,156230,159636
01-01-20,01:44:38,P 1,BDH-10,Voertuigbrand Station Moerwijk Erasmusweg,SGRAVH,157630
01-01-20,01:43:01,P 1,BDH-09,Voertuigbrand Laan van Wateringse Veld,SGRAVH,156830
01-01-20,01:42:46,P 1,BDH-08,Buitenbrand Drebbelstraat,SGRAVH,155630
01-01-20,01:41:52,P 1,BDH-08,Buitenbrand afval/rommel Van Ruysbroekstraat Gloriantstraat,SGRAVH,156630
01-01-20,01:41:01,P 1,BDH-10,Buitenbrand container Oude Middenweg,SGRAVH,155130
01-01-20,01:39:50,P 1,BDH-07,Buitenbrand afval/rommel Datheenstraat Koppelstokstraat,SGRAVH,157130
01-01-20,01:38:39,P 1,BDH-06,Buitenbrand Laan van Nieuw Oosteinde,VOORB,156730
01-01-20,01:38:30,P 1,BDH-09,Voertuigbrand Radarstraat,SGRAVH,159632
01-01-20,01:34:45,P 2,,BDH-05,,Buitenbrand
01-01-20,01:32:42,P 1,BDH-08,Voertuigbrand IJsselsteinstraat,SGRAVH,157730
01-01-20,01:30:03,P 1,BDH-06,Buitenbrand afval/rommel Nervilijn,ZOETMR,162236
01-01-20,01:29:54,P 1,BDH-10,Gebouwbrand overig Boerhaavestraat SGRAVH 157650 159591,157630,156230
01-01-20,01:29:07,P 1,BDH-08,Buitenbrand afval/rommel Soestdijkseplein,SGRAVH,159635
01-01-20,01:27:40,P 1,BDH-05,Voertuigbrand van Brachtstraat,PIJNAK,159634
01-01-20,01:27:27,P 1,BDH-09,Voertuigbrand Douglaslaan Jonkheer van Riemsdijklaan,SGRAVH,157430
01-01-20,01:26:33,P 1,BDH-06,Alarm rookmelder Jan Joostenplein,DELFT,155530
01-01-20,01:25:18,P 1,BDH-05,Voertuigbrand van Brachtstraat,PIJNAK,155430
01-01-20,01:23:46,P 1,BDH-13,Nacontrole brand Buenos Aireshof,SGRAVH,156831
01-01-20,01:20:48,P 1,BDH-08,Voertuigbrand Vaillantlaan,SGRAVH,156230
01-01-20,01:20:01,P 1,BDH-09,Gebouwbrand woning Lozerlaan SGRAVH 157750 159592,159630,156830
01-01-20,01:18:52,P 2,BDH-05,Buitenbrand afval/rommel Dr Ariensstraat Ds Heldringlaan,RIJSZH,155630
01-01-20,01:15:41,P 1,BDH-17,Gebouwbrand onderwijs I.S.W. Het Westland Lage Woerd NAALDW 156450 159591,156430,156330
01-01-20,01:15:25,P 1,BDH-08,Voertuigbrand Haringkade,SGRAVH,157130
01-01-20,01:10:59,P 1,BDH-10,Buitenbrand afval/rommel Geleenstraat,SGRAVH,156530
01-01-20,01:09:43,P 2,BDH-15,Buitenbrand afval/rommel Prinses Beatrixlaan David Klemanlaan,VOORB,159638
01-01-20,01:09:10,P 1,BDH-08,Voertuigbrand Alberdingk Thijmplein,SGRAVH,157630
01-01-20,01:08:18,P 1,BDH-09,Voertuigbrand Zijpendalstraat Ulenpasstraat,SGRAVH,155630
01-01-20,01:07:03,P 1,BDH-10,Gebouwbrand woning Weimarstraat SGRAVH 157850 159591,157830,157130
01-01-20,01:03:39,P 1,BDH-05,Voertuigbrand Madernarode,ZOETMR,155230
01-01-20,01:02:42,P 2,BDH-14,Buitenbrand afval/rommel Gershwinrode,ZOETMR,155230
01-01-20,01:02:40,P 1,BDH-07,Voertuigbrand Korbootstraat,SGRAVH,157230
01-01-20,01:01:03,P 1,BDH-08,Voertuigbrand Jan van Beersstraat,SGRAVH,159631
01-01-20,01:00:54,P 1,BDH-06,Voertuigbrand Schubertlaan,DELFT,159634
01-01-20,01:00:04,P 2,BDH-06,Buitenbrand afval/rommel Brasserskade Vrijenbanselaan,DELFT,155530
01-01-20,00:59:33,P 2,BDH-12,Buitenbrand afval/rommel Van Zuylen van Nijeveltstraat Berkheistraat,WASSNR,155030
01-01-20,00:58:48,P 1,BDH-10,Gebouwbrand woning Conradkade Groot Hertoginnelaan SGRAVH 157850 159591,157830,157130
01-01-20,00:57:52,P 1,BDH-08,Voertuigbrand Kaapseplein,SGRAVH,157630
01-01-20,00:56:46,P 1,BDH-06,Buitenbrand afval/rommel Werflaan,ZOETMR,156231
01-01-20,00:55:44,P 1,BDH-08,Voertuigbrand Scheepmakersstraat,SGRAVH,156630
01-01-20,00:54:52,P 1,BDH-09,Voertuigbrand Junostraat,SGRAVH,159631
01-01-20,00:54:31,P 1,BDH-09,OMS Geverifieerd (brandmelding OMS) WKC Leyweg / Hemapool Leyweg,SGRAVH,159630
01-01-20,00:53:05,P 1,BDH-11,Voertuigbrand Gerard Doustraat,SGRAVH,156230
01-01-20,00:52:13,P 2,BDH-07,Buitenbrand Werfstraat,SGRAVH,159633
01-01-20,00:51:13,P 1,BDH-09,Gebouwbrand woning (middelbrand),Moerweg,SGRAVH
01-01-20,00:49:15,P 1,BDH-05,Buitenbrand Vegelinsbos,ZOETMR,155230
01-01-20,00:49:06,P 1,BDH-09,Voertuigbrand Slijpmolen Gortmolen,SGRAVH,159635
01-01-20,00:48:05,P 2,BDH-16,Buitenbrand afval/rommel Scheepmakersingel,DELFGW,155430
01-01-20,00:44:59,P 1,BDH-08,Buitenbrand afval/rommel Marktweg,SGRAVH,157630
01-01-20,00:44:02,P 1,BDH-05,Autom. brand OMS Middin - Heemburgh Schiebroekstraat,ZOETMR,155330
01-01-20,00:43:14,P 1,BDH-06,Voertuigbrand Sasboutstraat Van Kinschotstraat,DELFT,155530
01-01-20,00:42:54,P 1,BDH-05,Buitenbrand afval/rommel Veursestraatweg,LEIDDM,155130
01-01-20,00:41:55,P 1,BDH-09,Gebouwbrand woning (middelbrand) Moerweg,SGRAVH,159599
01-01-20,00:35:23,P 1,BDH-10,Brand bijgebouw Hekkelaan SGRAVH 157150 159593,156530,159635
01-01-20,00:34:44,P 1,BDH-16,Buitenbrand afval/rommel Hof van Wieligh,NOOTDP,156531
01-01-20,00:33:53,P 1,BDH-08,Gebouwbrand Veluweplein SGRAVH 157850 159592,159632,157830
01-01-20,00:32:09,P 1,BDH-12,Gebouwbrand woning Moerweg SGRAVH 157650 159591,157630,156230
01-01-20,00:31:52,P 1,BDH-10,OMS Geverifieerd (brandmelding OMS) KPN Telecom Prinses Beatrixlaan,SGRAVH,157430
01-01-20,00:31:30,P 2,BDH-05,Buitenbrand afval/rommel Prinses Beatrixlaan David Klemanlaan,VOORB,159638
01-01-20,00:30:19,P 1,BDH-05,Buitenbrand afval/rommel van Everdingenstraat Savallelaan,VOORB,155130
01-01-20,00:30:19,P 1,BDH-08,Buitenbrand afval/rommel Rechterenstraat,SGRAVH,159631
01-01-20,00:28:27,P 1,BDH-07,Voertuigbrand Toon Dupuisstraat,SGRAVH,159630
01-01-20,00:27:41,P 2,BDH-15,Liftopsluiting Galop,NOOTDP,155430
01-01-20,00:25:51,P 2,BDH-06,Buitenbrand afval/rommel Ambergeel,ZOETMR,155330
01-01-20,00:25:25,P 1,BDH-08,Buitenbrand berm/ruigte Laagveen,SGRAVH,156830
01-01-20,00:22:52,P 2,BDH-10,Liftopsluiting Drouwenstraat,SGRAVH,157730
01-01-20,00:22:12,P 1,BDH-09,Buitenbrand Brueghelstraat,SGRAVH,159635
01-01-20,00:20:25,P 1,BDH-09,Buitenbrand Zuiderzijde,SGRAVH,159630
01-01-20,00:19:50,P 1,BDH-09,Buitenbrand afval/rommel Amazonestraat Beetsstraat,SGRAVH,155630
01-01-20,00:19:08,P 2,BDH-05,Buitenbrand van Heurnstraat,VOORB,155130
01-01-20,00:18:16,P 1,BDH-08,Voertuigbrand Parallelweg Gabriel Metsustraat,SGRAVH,159632
01-01-20,00:17:27,P 1,BDH-11,Voertuigbrand Lau Mazirellaan,SGRAVH,157630
01-01-20,00:13:58,P 1,BDH-08,BR beheerssysteem OMS Haaglanden Megastore Van der Kunstraat,SGRAVH,159631
01-01-20,00:08:52,P 1,BDH-07,Voertuigbrand Korbootstraat Windasstraat,SGRAVH,157230
01-01-20,00:07:35,P 1,BDH-13,Buitenbrand afval/rommel Bussumsestraat,SGRAVH,157830
01-01-20,00:07:28,P 1,BDH-15,Buitenbrand container Alexanderlaan,RIJSZH,159636
01-01-20,00:03:44,P 1,BDH-05,Buitenbrand Debussystraat,DELFT,155530
01-01-20,00:02:31,P 1,BDH-08,Voertuigbrand Lauwersstraat,SGRAVH,159631
01-01-20,00:01:57,P 1,BDH-15,Voertuigbrand Middelwaard,ZOETMR,155230
01-01-20,00:00:35,P 2,BDH-06,Buitenbrand berm/ruigte van Deventerplein,VOORB,155130
01-01-20,00:00:05,P 1,BDH-12,Voertuigbrand Zilverpad,SGRAVH,157730
31-12-19,23:59:42,P 1,BDH-09,Voertuigbrand Van der Vennestraat,SGRAVH,156230
31-12-19,23:56:10,P 2,BDH-08,Buitenbrand afval/rommel Damasstraat,SGRAVH,159632
31-12-19,23:55:58,P 2,toch wel naar Buitenbrand afval/rommel Frits Diepenlaan,SGRAVH,155630
31-12-19,23:54:46,P 1,BDH-15,Buitenbrand afval/rommel Anjeliertuin,ZOETMR,155330
31-12-19,23:53:23,P 1,BDH-14,Buitenbrand Exloostraat,SGRAVH,157630
31-12-19,23:51:46,P 1,BDH-17,Buitenbrand Scott Joplinrode,ZOETMR,159637
31-12-19,23:50:05,P 1,BDH-17,Buitenbrand container Middelwaard,ZOETMR,159637
31-12-19,23:49:43,P 1,BDH-13,Voertuigbrand Middenstede Haardstede,SGRAVH,157730
31-12-19,23:46:22,P 1,BDH-15,Voertuigbrand Middelwaard,ZOETMR,155230
31-12-19,23:46:22,P 2,BDH-08,Buitenbrand afval/rommel Frits Diepenlaan,SGRAVH,155630
31-12-19,23:43:25,P 1,BDH-09,Buitenbrand Vijzelstraat,SGRAVH,157130
31-12-19,23:40:18,P 1,BDH-05,Brand bijgebouw (keet/schuurtje) Arendshorst HONSDK 156450 159591,156630,156430
31-12-19,23:39:54,P 2,BDH-07,Dienstverlening Burgemeester Hovylaan,SGRAVH,159630
31-12-19,23:39:14,P 1,BDH-10,Voertuigbrand Groningsestraat,SGRAVH,156530
31-12-19,23:36:56,P 1,BDH-08,Buitenbrand container Brueghelstraat,SGRAVH,157630
31-12-19,23:36:39,P 1,BDH-12,Buitenbrand afval/rommel Koppelstokstraat,SGRAVH,159633
31-12-19,23:35:59,P 2,BDH-07,Dienstverlening Burgemeester Hovylaan,SGRAVH,157130
31-12-19,23:34:54,P 2,BDH-11,Dienstverlening Burgemeester,Hovylaan,SGRAVH
31-12-19,23:34:29,P 1,BDH-06,Autom. brand OMS Gehandicapten woningen Leopoldhove,ZOETMR,159637
31-12-19,23:34:14,P 1,BDH-08,Voertuigbrand Marktweg,SGRAVH,159631
31-12-19,23:34:11,P 1,BDH-16,Gebouwbrand (rietendak) Gooland Veenweg NOOTDP 155250 159592 155430 155230,155066,155030
31-12-19,23:31:14,P 1,BDH-09,Buitenbrand afval/rommel Bakkersstraat,SGRAVH,157830
31-12-19,23:30:31,P 1,BDH-17,Gebouwbrand winkel van Tuyll van Serooskerkenstraat VOORB 155150 159591,155130,157430
31-12-19,23:27:42,P 1,BDH-05,Buitenbrand container Alexanderlaan,RIJSZH,155630
31-12-19,23:26:45,P 1,BDH-07,Buitenbrand container Brueghelstraat,SGRAVH,159635
31-12-19,23:25:35,P 1,Buitenbrand afval/rommel Oudemansstraat Paets van Troostwijkstraat,SGRAVH,159631
31-12-19,23:19:24,P 1,BDH-10,Voertuigbrand Jacob Catsstraat,SGRAVH,157630
31-12-19,23:19:16,P 1,BDH-08,Buitenbrand afval/rommel Oudemansstraat Paets van Troostwijkstraat,SGRAVH,159631
31-12-19,23:15:40,P 1,BDH-09,Voertuigbrand Kaapseplein,SGRAVH,157830
31-12-19,23:10:54,P 2,BDH-07,Buitenbrand afval/rommel Frederik Hendriklaan Willem de Zwijgerlaan,SGRAVH,157130
31-12-19,23:10:50,P 2,BDH-06,Buitenbrand afval/rommel Faunalaan,PIJNAK,156531
31-12-19,23:06:29,P 2,BDH-15,Buitenbrand afval/rommel Van Kinschotstraat Sasboutstraat,DELFT,155530
31-12-19,23:04:57,P 1,BDH-08,Buitenbrand afval/rommel Tonystraat Sinjeur Semeynsweg,SGRAVH,159631
31-12-19,23:04:50,P 1,BDH-05,Buitenbrand afval/rommel van Everdingenstraat,VOORB,155130
31-12-19,23:00:59,P 1,BDH-07,Buitenbrand afval/rommel Jacob Catsstraat Waterloostraat,SGRAVH,159635
31-12-19,22:59:20,P 2,BDH-07,Buitenbrand afval/rommel 's-Gravenzandelaan,SGRAVH,157830
31-12-19,22:54:25,P 1,BDH-07,Buitenbrand afval/rommel Monnickendamplein,SGRAVH,156230
31-12-19,22:52:31,P 1,BDH-06,Voertuigbrand Achter de Dijk,HONSDK,156630
31-12-19,22:52:22,P 1,BDH-08,Buitenbrand berm/ruigte Paets van Troostwijkstraat De Genestetlaan,SGRAVH,159632
31-12-19,22:50:22,P 1,BDH-08,Voertuigbrand Heeswijkplein Medlerstraat,SGRAVH,157630
31-12-19,22:48:33,P 1,BDH-07,Buitenbrand afval/rommel Kaapseplein Kaapstraat,SGRAVH,157830
31-12-19,22:47:11,P 2,BDH-07,Liftopsluiting Hildebrandstraat,SGRAVH,159631
31-12-19,22:46:42,P 1,BDH-09,Buitenbrand afval/rommel Wrightlaan,SGRAVH,159636
31-12-19,22:46:41,P 2,BDH-06,Buitenbrand Graaf Engelbrechtlaan,LEIDDM,159638
31-12-19,22:45:41,P 2,BDH-15,Buitenbrand afval/rommel Brasserskade,DELFT,155630
31-12-19,22:44:01,P 1,BDH-07,Buitenbrand container (afvalcontainer) Orveltestraat,SGRAVH,156230
31-12-19,22:41:37,P 2,BDH-08,Liftopsluiting Isabellaland,SGRAVH,155130
31-12-19,22:40:52,P 2,BDH-06,Wateroverlast De Kijckert Lange Spruit,WATERI,156830
31-12-19,22:36:03,P 2,BDH-05,Liftopsluiting Chopinlaan,DELFT,155530
31-12-19,22:33:10,P 1,BDH-08,Voertuigbrand Bilthovenselaan Doldersestraat,SGRAVH,157730
31-12-19,22:32:42,P 1,BDH-07,Voertuigbrand Om-en-Bij,SGRAVH,157830
31-12-19,22:29:06,P 1,BDH-09,Gebouwbrand woning Sportlaan SGRAVH 157150 159593,159633,159635
31-12-19,22:26:07,P 1,BDH-11,Gebouwbrand Meppelweg Leyweg SGRAVH 157750 159592,159630,159631
31-12-19,22:25:35,P 1,BDH-08,Buitenbrand Dr.D.F.Scheurleerstraat,SGRAVH,156230
31-12-19,22:23:18,P 1,BDH-15,Autom. brand OMS Hotel Delft Centre Koepoortplaats,DELFT,155530
31-12-19,22:22:03,P 1,BDH-05,Gebouwbrand woning (middelbrand) Speulderbos ZOETMR,159599,155481
31-12-19,22:18:49,P 1,BDH-09,Brandgerucht Hazelaarstraat Lijsterbesstraat,SGRAVH,157830
31-12-19,22:17:35,P 1,BDH-05,Buitenbrand Starrebos,ZOETMR,159637
31-12-19,22:15:57,P 1,BDH-16,Gebouwbrand Speulderbos ZOETMR 155250 159591,155230,155330
31-12-19,22:15:10,P 1,BDH-08,Voertuigbrand Dublinweg Laan van Wateringse Veld,SGRAVH,156831
31-12-19,22:11:48,P 2,BDH-05,Vervuild wegdek Mandolinestraat,RIJSZH,155630
31-12-19,22:10:15,P 1,BDH-07,Buitenbrand Dublinweg,SGRAVH,156830
31-12-19,21:59:39,P 1,BDH-05,Buitenbrand container Kerklaan Ieplaan,RIJSZH,155630
31-12-19,21:57:13,P 1,BDH-06,Buitenbrand Burgemeester Velthuijsenlaan,LEIDDM,155130
31-12-19,21:55:30,P 1,BDH-05,Nacontrole brand Helmstraat,MONSTR,156630
31-12-19,21:52:48,P 1,BDH-07,Voertuigbrand Albert Heijn Elandstraat,SGRAVH,157230
31-12-19,21:49:28,P 1,BDH-12,Voertuigbrand Westenbergstraat,SGRAVH,159635
31-12-19,21:46:54,P 2,BDH-07,Buitenbrand container De Lannoystraat,SGRAVH,159631
31-12-19,21:44:35,P 1,BDH-08,Voertuigbrand Monstersestraat,SGRAVH,157830
31-12-19,21:38:18,P 2,BDH-08,Buitenbrand afval/rommel Uitenhagestraat,SGRAVH,157830
31-12-19,21:37:50,P 1,BDH-17,PAC brandmelding,Broekwegzijde,ZOETMR
31-12-19,21:35:50,P 1,BDH-11,Voertuigbrand Lyonnetstraat,SGRAVH,159632
31-12-19,21:33:38,P 1,BDH-09,Voertuigbrand Marktweg,SGRAVH,157630
31-12-19,21:33:18,P 2,BDH-09,Buitenbrand Wezelrade,SGRAVH,159630
31-12-19,21:32:39,P 1,BDH-17,Gebouwbrand onderwijs Broekwegzijde ZOETMR 155250 159591,155230,155330
31-12-19,21:27:53,P 1,BDH-09,Voertuigbrand Thijssestraat,SGRAVH,159631
31-12-19,21:25:55,P 1,BDH-09,Voertuigbrand Duinstraat,SGRAVH,159633
31-12-19,21:25:54,P 2,BDH-05,Buitenbrand afval/rommel,Elgarlaan,DELFT
31-12-19,21:24:01,P 2,BDH-05,Ass. politie Elgarlaan,DELFT,155530
31-12-19,21:23:29,P 2,BDH-06,Buitenbrand afval/rommel Patrijslaan Molenlaan,HONSDK,156630
31-12-19,21:19:16,P 1,BDH-09,Voertuigbrand Melis Stokelaan Melis Stokezijde,SGRAVH,157730
31-12-19,21:18:48,P 2,BDH-07,Buitenbrand afval/rommel Kaapseplein,SGRAVH,159635
31-12-19,21:16:03,P 1,BDH-16,Gebouwbrand woning Fresiastraat POELDK 157750 159591,156730,159630
31-12-19,21:14:09,P 2,BDH-05,Buitenbrand afval/rommel Sumatra Tenerife,ZOETMR,155330
31-12-19,21:09:36,P 2,BDH-10,Buitenbrand Houtrustweg,SGRAVH,157130
31-12-19,21:08:22,P 1,BDH-10,Voertuigbrand Ribbelzegge,SGRAVH,155430
31-12-19,21:04:57,P 1,BDH-05,Voertuigbrand Huis te Landelaan Julialaantje,RIJSZH,157630
31-12-19,21:04:41,P 1,BDH-08,Buitenbrand Glenn Millerhof,SGRAVH,157830
31-12-19,20:59:14,P 2,BDH-09,Buitenbrand afval/rommel Castricumplein,SGRAVH,159630
31-12-19,20:57:50,P 1,BDH-15,Gebouwbrand Albert Heijn Lijnbaan ZOETMR 155250 159591,155330,155230
31-12-19,20:55:01,P 1,BDH-05,Buitenbrand afval/rommel Noordhove Lijnbaan,ZOETMR,162236
31-12-19,20:53:43,P 2,BDH-07,Buitenbrand berm/ruigte Jan Vosstraat,SGRAVH,159631
31-12-19,20:53:07,P 2,BDH-07,Buitenbrand afval/rommel Pachtersdreef,SGRAVH,159630
31-12-19,20:50:05,P 1,BDH-11,Voertuigbrand Slachthuisstraat,SGRAVH,157630
31-12-19,20:48:25,P 1,BDH-08,Buitenbrand afval/rommel Aldi Westduinweg,SGRAVH,159633
31-12-19,20:42:18,P 2,BDH-06,Buitenbrand Fazantlaan,HONSDK,156630
31-12-19,20:41:42,P 2,BDH-05,Buitenbrand container Sluiskant,LEIDDM,159638
31-12-19,20:41:35,P 2,BDH-07,Buitenbrand Schoutendreef,SGRAVH,157730
31-12-19,20:41:18,P 1,BDH-07,Voertuigbrand Toon Dupuisstraat,SGRAVH,159630
31-12-19,20:41:07,P 2,BDH-05,Buitenbrand afval/rommel Arubastraat Boeroestraat,DELFT,155530
31-12-19,20:39:44,P 1,BDH-09,Voertuigbrand Broekslootkade,SGRAVH,159632
31-12-19,20:38:03,P 2,BDH-08,Buitenbrand Nieboerweg Houtrustweg,SGRAVH,157130
31-12-19,20:36:37,P 1,BDH-17,Gebouwbrand Voorhofstraat VOORB 155150 159591,155130,159631
31-12-19,20:36:05,P 1,BDH-10,Voertuigbrand Laakweg,SGRAVH,157630
31-12-19,20:32:08,P 1,BDH-08,Voertuigbrand Glansvogellaan,SGRAVH,156531
31-12-19,20:30:52,P 2,BDH-06,Buitenbrand container (afvalcontainer) Gasthuisland,DENHZH,156030
31-12-19,20:29:50,P 2,BDH-05,Buitenbrand afval/rommel Zetveld,NOOTDP,155430
31-12-19,20:29:09,P 2,BDH-08,Buitensluiting Hooistraat,SGRAVH,157230
31-12-19,20:28:36,P 2,BDH-09,Buitenbrand Wrightlaan Wethouder Fischerplantsoen,SGRAVH,157430
31-12-19,20:26:33,P 1,BDH-05,Voertuigbrand Mandolinestraat,RIJSZH,159636
31-12-19,20:26:18,P 1,BDH-08,Buitenbrand container Barbiersgaarde,SGRAVH,157730
31-12-19,20:26:04,P 1,BDH-16,Brand bijgebouw Heren van de Wateringhepad WATERI 157750 159591,156830,159630
31-12-19,20:21:07,P 1,BDH-08,Buitenbrand afval/rommel Nettelhorststraat,SGRAVH,159632
31-12-19,20:19:09,P 1,BDH-05,Buitenbrand container (papiercontainer) Treubstraat,RIJSZH,155630
31-12-19,20:17:11,P 1,BDH-08,Voertuigbrand Kaapseplein Spionkopstraat,SGRAVH,159631
31-12-19,20:13:42,P 2,BDH-08,Buitenbrand Vrederustlaan Drapeniersgaarde,SGRAVH,157630
31-12-19,20:13:33,P 2,BDH-07,Buitenbrand container (afvalcontainer) Raaltestraat Gramsbergenlaan,SGRAVH,159630
31-12-19,20:12:53,P 1,BDH-15,Voertuigbrand Veurse Achterweg,LEIDDM,159638
31-12-19,20:11:52,P 2,BDH-08,Buitenbrand container (afvalcontainer) Laan van Wateringse Veld Chicagostraat,SGRAVH,156831
31-12-19,20:11:29,P 2,BDH-06,Buitenbrand afval/rommel Freesiaplein,SGRAVZ,156430
31-12-19,20:10:44,P 2,BDH-05,Buitenbrand container Koningin Emmalaan,DELFT,155530
31-12-19,20:09:37,P 2,BDH-08,Buitenbrand afval/rommel Sandersdijk De Bruijnvaart,SGRAVH,159636
31-12-19,20:09:29,P 2,BDH-05,Buitenbrand container Koningin Emmalaan,DELFT,159634
31-12-19,20:05:46,P 1,BDH-07,OMS Geverifieerd (brandmelding OMS) Hotel Aquarius Zeekant,SGRAVH,157130
31-12-19,20:05:24,P 2,BDH-13,Buitenbrand afval/rommel Fokkerstraat,ZOETMR,155230
31-12-19,20:04:39,P 2,BDH-08,Buitenbrand afval/rommel Van Baerlestraat,SGRAVH,157630
31-12-19,20:04:11,P 2,BDH-08,Buitenbrand afval/rommel Maartensdijklaan,SGRAVH,157730
31-12-19,20:02:27,P 1,BDH-08,Voertuigbrand Van der Neerstraat,SGRAVH,157830
31-12-19,19:58:24,P 1,BDH-06,Buitenbrand afval/rommel 's-Prinsensingel,MAASLD,156230
31-12-19,19:58:10,P 2,BDH-08,Buitenbrand container (afvalcontainer) Limastraat,SGRAVH,156831
31-12-19,19:55:16,P 2,BDH-05,Buitenbrand Roxenissestraat,ZOETMR,155330
31-12-19,19:54:50,P 2,BDH-08,Buitenbrand container (afvalcontainer) Jules Massenetstraat,SGRAVH,159635
31-12-19,19:52:54,P 2,BDH-05,Buitenbrand afval/rommel Meerzichtlaan,ZOETMR,155230
31-12-19,19:51:33,P 2,BDH-11,Buitenbrand container Datheenstraat,SGRAVH,159633
31-12-19,19:48:51,P 2,BDH-07,Buitenbrand afval/rommel Schokkerweg,SGRAVH,157130
31-12-19,19:47:52,P 1,BDH-06,Nacontrole brand Abeelstraat,SGRAVZ,156530
31-12-19,19:47:28,P 2,BDH-08,Buitenbrand Hemsterhuisstraat,SGRAVH,157230
31-12-19,19:47:05,P 1,BDH-07,Voertuigbrand Tesselschadelaan,SGRAVH,157730
31-12-19,19:44:48,P 2,BDH-07,Buitenbrand afval/rommel Engelenburgstraat,SGRAVH,159635
31-12-19,19:44:29,P 2,BDH-05,Buitenbrand afval/rommel Evertsenstraat,LEIDDM,159638
31-12-19,19:42:52,P 2,BDH-05,Buitenbrand container (kledingcontainer) Coop Hoefblad,LEIDDM,159637
31-12-19,19:42:07,P 1,BDH-09,Voertuigbrand Van der Neerstraat,SGRAVH,159632
31-12-19,19:41:38,P 2,BDH-05,Liftopsluiting Hendersonstraat,RIJSZH,155630
31-12-19,19:41:20,P 1,BDH-06,Buitenbrand container (kledingcontainer) Albert Heijn Keenenburgweg,SCHILD,156130
31-12-19,19:40:40,P 2,BDH-04,Buitenbrand afval/rommel 't Oekie Kloosterkade,DELFT,156531
31-12-19,19:37:38,P 2,Buitenbrand afval/rommel,Sytwinde,NOOTDP
31-12-19,19:36:33,P 2,BDH-05,Buitenbrand afval/rommel Sytwinde,NOOTDP,157430
31-12-19,19:36:14,P 2,BDH-07,Buitenbrand afval/rommel Weesperstraat,SGRAVH,159635
31-12-19,19:35:56,P 1,BDH-11,Buitenbrand berm/ruigte Lindelaan,DELFT,155430
31-12-19,19:34:32,P 2,BDH-07,Buitenbrand container Televisiestraat,SGRAVH,157630
31-12-19,19:33:44,P 1,BDH-15,Autom. brand OMS Stadscentrum Hart van 's-Gravenzande Pompe v Meerd,SGRAVZ,156530
31-12-19,19:32:12,P 1,BDH-10,Voertuigbrand Ketelstraat,SGRAVH,159636
31-12-19,19:31:36,P 2,BDH-08,Buitenbrand container (afvalcontainer) Jules Massenetstraat,SGRAVH,157730
31-12-19,19:30:09,P 1,BDH-12,Buitenbrand afval/rommel Noordweg,SGRAVH,157730
31-12-19,19:29:43,P 1,BDH-08,Buitenbrand container (afvalcontainer) Joubertplantsoen,SGRAVH,159635
31-12-19,19:25:48,P 2,BDH-05,Buitenbrand Ivoorkust,DELFT,155530
31-12-19,19:24:29,P 1,BDH-08,Buitenbrand afval/rommel Cilliersstraat Steijnlaan,SGRAVH,159635
31-12-19,19:23:13,P 2,BDH-09,Buitenbrand Coevordenstraat,SGRAVH,159632
31-12-19,19:20:29,P 2,BDH-11,Buitenbrand container (afvalcontainer) Chicagostraat,SGRAVH,159630
31-12-19,19:19:03,P 2,BDH-08,Buitenbrand container Bloemhofstraat,SGRAVH,157630
31-12-19,19:17:35,P 2,BDH-07,Buitenbrand afval/rommel Aldi Westduinweg,SGRAVH,157130
31-12-19,19:14:05,P 2,BDH-07,Buitenbrand afval/rommel Heeswijkplein,SGRAVH,157630
31-12-19,19:10:25,P 2,BDH-06,Buitenbrand afval/rommel Emmaplein,MONSTR,156530
31-12-19,19:10:24,P 1,BDH-10,Gebouwbrand Kepplerstraat,SGRAVH,157830
31-12-19,19:08:59,P 2,BDH-05,Buitenbrand afval/rommel Westerschelde,ZOETMR,155330
31-12-19,19:08:42,P 1,BDH-10,Gebouwbrand Kepplerstraat SGRAVH 157850 159591,159633,157630
31-12-19,19:08:33,P 2,BDH-06,Buitenbrand berm/ruigte Rubenslaan,MONSTR,156730
31-12-19,19:06:09,P 2,BDH-07,Buitenbrand afval/rommel Melis Stokelaan Riddersdreef,SGRAVH,159630
31-12-19,19:05:56,P 2,BDH-05,Buitenbrand container (afvalcontainer) Gerardus de Haenstraat,DELFT,159633
31-12-19,19:03:24,P 2,BDH-07,Buitenbrand afval/rommel Weesperstraat,SGRAVH,159634
31-12-19,19:02:28,P 2,BDH-07,Buitenbrand container Morgenzonlaan Beijersstraat,SGRAVH,159635
31-12-19,19:02:14,P 2,BDH-07,Buitenbrand container (afvalcontainer) Hart Nibbrigkade,SGRAVH,157230
31-12-19,19:01:11,P 2,BDH-12,Buitenbrand afval/rommel Heeswijkplein,SGRAVH,159631
31-12-19,19:00:25,P 2,BDH-07,Buitenbrand afval/rommel Escamplaan,SGRAVH,157730
31-12-19,18:59:46,P 2,BDH-07,Buitenbrand container Oude Kustlijn Steentijdsingel,SGRAVH,155630
31-12-19,18:59:14,P 2,BDH-05,Buitenbrand container (afvalcontainer) Agatha,LEIDDM,155130
31-12-19,18:53:13,P 2,BDH-11,Buitenbrand afval/rommel Rijswijkse Landingslaan,SGRAVH,155530
31-12-19,18:52:44,P 2,BDH-07,Buitenbrand container Regentesselaan,SGRAVH,157830
31-12-19,18:52:09,P 2,BDH-07,Buitenbrand afval/rommel Bokkefortpark,SGRAVH,159630
31-12-19,18:50:11,P 1,BDH-10,Autom. brand OMS International Criminal Court Oude Waalsdorperweg,SGRAVH,155130
31-12-19,18:49:39,P 2,BDH-05,Buitenbrand afval/rommel Rakkersveld,ZOETMR,155330
31-12-19,18:47:35,P 1,BDH-09,Brandgerucht Theresiastraat,SGRAVH,157230
31-12-19,18:44:54,P 1,BDH-08,Gebouwbrand Willem van Nieuwenhuizenlaan SGRAVH 155150 159591,157430,155630
31-12-19,18:43:05,P 2,BDH-07,Buitenbrand container Belgischeplein,SGRAVH,157130
31-12-19,18:39:09,P 2,BDH-07,Buitenbrand Wrightlaan,SGRAVH,157430
31-12-19,18:37:46,P 1,BDH-07,Voertuigbrand Withuysstraat,SGRAVH,157630
31-12-19,18:36:07,P 2,BDH-07,Buitenbrand afval/rommel Vredeoord,SGRAVH,157730
31-12-19,18:35:54,P 2,BDH-06,Buitenbrand afval/rommel Koningin Wilhelminalaan,DENHZH,156030
31-12-19,18:35:00,P 2,BDH-07,Buitenbrand container (afvalcontainer) Swammerdamstraat,SGRAVH,157630
31-12-19,18:32:56,P 2,BDH-07,Buitenbrand afval/rommel Teniersplantsoen,SGRAVH,157830
31-12-19,18:31:14,P 1,BDH-04,Ass. ambu (persoon op hoogte) Condorhorst LEIDEN,169192,157782
31-12-19,18:30:01,P 2,BDH-05,Buitenbrand Huis te Landelaan,RIJSZH,155630
31-12-19,18:28:57,P 2,BDH-05,Buitenbrand container Koningin Wilhelminalaan,LEIDDM,155130
31-12-19,18:21:16,P 1,BDH-05,Buitenbrand afval/rommel Monnikenbos,ZOETMR,155230
31-12-19,18:19:35,P 2,BDH-07,Buitenbrand afval/rommel Eerbeeklaan,SGRAVH,157830
31-12-19,18:17:24,P 2,BDH-09,Buitenbrand container Achter de Dijk,HONSDK,156430
31-12-19,18:17:10,P 2,BDH-07,Buitenbrand container Heliotrooplaan,SGRAVH,157730
31-12-19,18:16:05,P 2,BDH-07,Buitenbrand container Marktweg,SGRAVH,157630
31-12-19,18:15:10,P 2,BDH-08,Buitenbrand afval/rommel Zeekant,SGRAVH,157130
31-12-19,18:14:57,P 2,BDH-07,Buitenbrand afval/rommel Waterspinhof,SGRAVH,157430
31-12-19,18:12:46,P 2,BDH-06,Buitenbrand afval/rommel Helmstraat,MONSTR,156730
31-12-19,18:06:39,P 2,BDH-05,Buitenbrand container Klaroenstraat Clavecimbellaan,RIJSZH,155630
31-12-19,18:05:31,P 2,BDH-07,Buitenbrand container Koppelstokstraat Datheenstraat,SGRAVH,157130
31-12-19,18:03:35,P 2,BDH-06,Buitenbrand afval/rommel N222 Li - De Westlandroute 3,0,HONSDK,156630
31-12-19,18:02:44,P 2,BDH-07,Buitenbrand container (afvalcontainer) Valkenboskade Seringenstraat,SGRAVH,157830
31-12-19,17:51:35,P 1,BDH-15,Gebouwbrand Van Rijswijckschans ZOETMR 155250 159591,162236,155330
31-12-19,17:44:27,P 2,BDH-06,Buitenbrand container Hendrick de Keyserweg,DELFT,155530
31-12-19,17:42:59,P 2,BDH-05,Buitenbrand afval/rommel Tamboerijnlaan,RIJSZH,155630
31-12-19,17:42:07,P 2,BDH-07,Buitenbrand container Gooilaan Bussumsestraat,SGRAVH,157830
31-12-19,17:35:22,P 2,BDH-05,Buitenbrand afval/rommel Zalkerbos,ZOETMR,155230
31-12-19,17:25:09,P 2,BDH-06,Buitenbrand afval/rommel van Heuven Goedhartlaan,SGRAVZ,156530
31-12-19,17:23:31,P 2,BDH-06,Buitenbrand Patrijslaan,HONSDK,156630
31-12-19,17:23:15,P 2,BDH-07,Buitenbrand container (afvalcontainer) P.C. Valentinstraat,SGRAVH,157730
31-12-19,17:15:22,P 2,BDH-07,Buitenbrand container Graskopstraat,SGRAVH,157830
31-12-19,17:13:11,P 1,BDH-09,Autom. brand OMS Hoofdbureau van Politie Burgemeester Patijnlaan,SGRAVH,157230
31-12-19,17:04:30,P 1,BDH-05,Buitenbrand afval/rommel Akkerpad,ZOETMR,155330
31-12-19,16:58:48,P 2,BDH-07,Buitenbrand container Jules Massenetstraat,SGRAVH,157730
31-12-19,16:55:25,P 1,BDH-15,Voertuigbrand Tuindersweg Vrouwe Van Loonstraat,MAASDK,156330
31-12-19,16:50:54,P 2,BDH-07,Buitenbrand afval/rommel Dr. C. Hofstede de Grootstraat,SGRAVH,157730
31-12-19,16:49:54,P 1,BDH-09,Autom. brand OMS Hoofdbureau van Politie Burgemeester Patijnlaan,SGRAVH,157230
31-12-19,16:46:05,P 2,BDH-06,Buitenbrand Bovendijk,KWINTH,156630
31-12-19,16:44:48,P 2,BDH-06,Buitenbrand container (afvalcontainer) Mexicohof,DELFT,156130
31-12-19,16:41:40,P 2,BDH-05,Buitenbrand Castrop-Rauxellaan,DELFT,155630
31-12-19,16:39:43,P 2,BDH-07,Buitenbrand Hildo Kroplaan,SGRAVH,157730
31-12-19,16:36:09,P 2,BDH-05,Buitenbrand afval/rommel Woning Abtswoude,SCHILD,155530
31-12-19,16:35:14,P 2,BDH-05,Buitenbrand berm/ruigte Harnaskade,DENHZH,156030
31-12-19,16:33:35,P 2,BDH-08,Ass. ambu (afhijsen patient) Hilversumsestraat SGRAVH,157850,157830
31-12-19,16:32:07,P 1,BDH-05,Buitenbrand Sir Winston Churchillln,RIJSZH,155630
31-12-19,16:30:37,P 2,BDH-07,Buitenbrand Dallashof,SGRAVH,156830
31-12-19,16:22:57,P 1,Buitenbrand afval/rommel,Fazantenveld,ZOETMR
31-12-19,16:22:40,P 2,Buitenbrand afval/rommel,Fazantenveld,ZOETMR
31-12-19,16:21:01,P 2,BDH-05,Buitenbrand afval/rommel Fazantenveld,ZOETMR,155230
31-12-19,16:13:20,P 2,BDH-07,Buitenbrand container (afvalcontainer) De Luttestraat,SGRAVH,156231
31-12-19,16:12:42,P 2,BDH-05,Buitenbrand berm/ruigte van Vredenburchweg,RIJSZH,155630
31-12-19,16:08:25,P 2,BDH-07,Buitenbrand container Leyweg,SGRAVH,157630
31-12-19,16:05:03,P 2,BDH-05,Buitenbrand afval/rommel Windrecht Bovenkruier,SCHILD,156130
31-12-19,16:03:01,P 2,BDH-07,Buitenbrand afval/rommel Van St. Aldegondeplein,SGRAVH,157130
31-12-19,15:59:10,P 2,BDH-07,Buitenbrand container (afvalcontainer) Lijsterbesstraat,SGRAVH,157830
31-12-19,15:57:58,P 2,BDH-05,Buitenbrand afval/rommel RKDEO Sportparkweg,NOOTDP,157430
31-12-19,15:57:47,P 2,BDH-07,Buitenbrand container (afvalcontainer) New Yorksingel,SGRAVH,156830
31-12-19,15:57:03,P 1,BDH-09,Autom. brand OMS Villa Vroondaal Nederhoflaan,SGRAVH,156730
31-12-19,15:53:27,P 1,BDH-10,Buitenbrand Stieltjesstraat,SGRAVH,157630
31-12-19,15:53:24,P 2,BDH-05,Buitenbrand container Javalaan cypruslaan,ZOETMR,155330
31-12-19,15:53:07,P 2,BDH-07,Buitenbrand afval/rommel Nijkampvaart,SGRAVH,155630
31-12-19,15:51:39,P 1,BDH-09,Voertuigbrand Van der Vennestraat,SGRAVH,157830
31-12-19,15:48:35,P 1,BDH-08,Gebouwbrand Isabellaland,SGRAVH,155150
31-12-19,15:45:18,P 1,BDH-08,Gebouwbrand Isabellaland SGRAVH 157650 159591,155130,157230
31-12-19,15:43:46,P 2,BDH-15,Ass. ambu (afhijsen patient,tilassistentie) Landgoed Backershagen WASSNR,155150,155030
31-12-19,15:42:44,P 2,BDH-07,Buitenbrand container Van Leeuwenhoekstraat,SGRAVH,157630
31-12-19,15:41:24,P 2,BDH-07,Buitenbrand container (afvalcontainer) Jan Romeinstraat,SGRAVH,157730
31-12-19,15:37:48,P 2,BDH-07,Buitenbrand Delagoastraat,SGRAVH,157830
31-12-19,15:37:25,P 2,BDH-06,Buitenbrand Roelsplantsoen,WATERI,156830
31-12-19,15:35:33,P 2,BDH-05,Buitenbrand container (afvalcontainer) Strijplaan,RIJSZH,155630
31-12-19,15:33:44,P 2,BDH-05,Buitenbrand afval/rommel Florasingel,ZOETMR,155230
31-12-19,15:25:52,P 2,BDH-05,Buitenbrand container (afvalcontainer) Dokter Bakkerenlaan,NOOTDP,157430
31-12-19,15:14:35,P 2,BDH-05,Buitenbrand container (afvalcontainer) GGZ Delfland Sint Jorisweg,DELFT,155530
31-12-19,15:13:37,P 1,BDH-15,Autom. brand OMS Cardia Onderwatershof van Vredenburchweg,RIJSZH,155630
31-12-19,15:10:25,P 2,BDH-07,Buitenbrand container (afvalcontainer) Dalveen,SGRAVH,157730
31-12-19,15:09:42,P 2,BDH-08,Buitenbrand container (afvalcontainer) Athenesingel,SGRAVH,156830
31-12-19,14:52:20,P 2,BDH-07,Buitenbrand container Wachtumstraat Exloostraat,SGRAVH,157730
31-12-19,14:48:14,P 2,BDH-07,Buitenbrand container (afvalcontainer) Ahornstraat,SGRAVH,157130
31-12-19,14:46:03,P 1,BDH-08,Stank/Hinder. lucht (aardgas) (gaslucht) Baljuwdreef,SGRAVH,156830
31-12-19,14:45:35,P 2,BDH-05,Buitenbrand afval/rommel Brasserskade,DELFT,155630
31-12-19,14:36:07,P 2,BDH-06,Buitenbrand container (afvalcontainer) Populier Jasmijn,NAALDW,156430
31-12-19,14:30:25,P 2,BDH-07,Buitenbrand container Chicagostraat,SGRAVH,157730
31-12-19,14:28:42,P 2,BDH-05,Buitenbrand afval/rommel Surfpad,ZOETMR,155230
31-12-19,14:24:40,P 2,BDH-07,Buitenbrand afval/rommel Stuurmanstraat,SGRAVH,157130
31-12-19,14:16:59,P 1,BDH-05,Autom. brand OMS MOTN ingang G Jumbo Liguster,LEIDDM,155130
31-12-19,13:58:03,P 2,BDH-05,Wateroverlast Stichting Bouwkwaliteit Visseringlaan,RIJSZH,155630
31-12-19,13:55:44,P 2,BDH-05,Buitenbrand berm/ruigte Pelschans,ZOETMR,155330
31-12-19,13:51:24,P 1,BDH-08,Autom. brand OMS Huize Eykenburg Kruisbessenstraat,SGRAVH,157730
31-12-19,13:37:24,P 1,BDH-07,Ongeval wegvervoer letsel Melis Stokelaan Loevesteinlaan,SGRAVH,157630
31-12-19,13:02:41,P 2,BDH-05,Buitenbrand container (afvalcontainer) Isaac da Costalaan,DELFT,155530
31-12-19,12:55:34,P 2,BDH-05,Buitenbrand container Margrijhof,NOOTDP,157430
31-12-19,12:51:52,P 1,BDH-07,Autom. brand OMS International Criminal Court Oude Waalsdorperweg,SGRAVH,157230
31-12-19,12:47:16,P 2,BDH-06,Buitenbrand container (afvalcontainer) De Dintel,NAALDW,156630
31-12-19,12:46:14,P 2,BDH-08,Buitenbrand container (afvalcontainer) Vleutenstraat Abcoudestraat,SGRAVH,157730
31-12-19,12:45:04,P 1,BDH-10,Autom. brand OMS Ridderhof 1 Wildenborghstraat,SGRAVH,157630
31-12-19,12:18:50,P 2,BDH-06,Buitenbrand container (afvalcontainer) Slangekruid,MONSTR,156730
31-12-19,12:15:50,P 1,BDH-09,Ass. ambu (tilassistentie) Poortugaalstraat,ZOETMR,155330
31-12-19,12:05:14,P 1,BDH-08,Ass. ambu (afhijsen patient) De Savornin Lohmanlaan SGRAVH,157750,157730
31-12-19,12:03:57,P 2,BDH-07,Buitenbrand container (afvalcontainer) Jacob Schorerlaan,SGRAVH,155630
31-12-19,12:03:35,P 1,BDH-07,Autom. brand OMS HMC Westeinde Lijnbaan,SGRAVH,157830
31-12-19,12:01:22,P 1,BDH-04,Autom. brand OMS Ursulaland Ursulaland,SGRAVH,155130
31-12-19,12:00:39,P 2,BDH-03,Buitenbrand berm/ruigte Ghanastraat,DELFT,155530
31-12-19,11:57:31,P 2,BDH-02,Buitenbrand container (afvalcontainer) Anna Blamanplein,SGRAVH,157630
31-12-19,11:56:29,P 2,BDH-01,Buitenbrand afval/rommel Kerkenbos,ZOETMR,155230
31-12-19,11:12:31,P 1,BDH-04,Natuurbrand duin (Uitbr.: laag) Quick Boys Laan van Nieuw-Zuid KATWZH,161709,161730
31-12-19,10:35:47,P 1,BDH-03,Persoon te water Waterleliekade SGRAVH 155510 155150,159591,157430
31-12-19,10:27:35,P 2,BDH-02,Buitenbrand container Van der Kooijweg,RIJSZH,155630
31-12-19,10:17:25,P 2,BDH-01,Wateroverlast Lopikplein,SGRAVH,157770
31-12-19,09:32:01,P 2,BDH-02,Nacontrole brand Bisschopsberg,ZOETMR,155230
